YEAR_,COSITE,ROADWAY,DESC_FRM,DESC_TO,AADT,COUNTY
2019,570001,57070000,L G RUSSELL RD,ALABAMA STATE LINE,3800,Okaloosa
2020,570001,57070000,L G RUSSELL RD,ALABAMA STATE LINE,4600,Okaloosa
2021,570001,57070000,L G RUSSELL RD,ALABAMA STATE LINE,3700,Okaloosa
2022,570001,57070000,L G RUSSELL RD,ALABAMA STATE LINE,3300,Okaloosa
2023,570001,57070000,L G RUSSELL RD,ALABAMA STATE LINE,4000,Okaloosa
2019,570005,57070000,GEORGIA AVE,VINSON RAY RD,5800,Okaloosa
2020,570005,57070000,GEORGIA AVE,VINSON RAY RD,5800,Okaloosa
2021,570005,57070000,GEORGIA AVE,VINSON RAY RD,5300,Okaloosa
2022,570005,57070000,GEORGIA AVE,VINSON RAY RD,6100,Okaloosa
2023,570005,57070000,GEORGIA AVE,VINSON RAY RD,5300,Okaloosa
2019,570006,57080000,COUNTY LINE RD,CR189/GALIVER CUTOFF,1800,Okaloosa
2020,570006,57080000,COUNTY LINE RD,CR189/GALIVER CUTOFF,1650,Okaloosa
2021,570006,57080000,COUNTY LINE RD,CR189/GALIVER CUTOFF,1750,Okaloosa
2022,570006,57080000,COUNTY LINE RD,CR189/GALIVER CUTOFF,1950,Okaloosa
2023,570006,57080000,COUNTY LINE RD,CR189/GALIVER CUTOFF,2000,Okaloosa
2019,570007,57506000,GALLIVER CUTOFF RD,SR-4/HWY 4,1500,Okaloosa
2020,570007,57506000,GALLIVER CUTOFF RD,SR-4/HWY 4,1400,Okaloosa
2021,570007,57506000,GALLIVER CUTOFF RD,SR-4/HWY 4,1400,Okaloosa
2022,570007,57506000,GALLIVER CUTOFF RD,SR-4/HWY 4,1700,Okaloosa
2023,570007,57506000,GALLIVER CUTOFF RD,SR-4/HWY 4,1500,Okaloosa
2019,570008,57509500,CR-393,MILLSIDE RD,350,Okaloosa
2019,570008,57000029,MILLSIDE RD,SECOND AVE,350,Okaloosa
2020,570008,57509500,CR-393,MILLSIDE RD,300,Okaloosa
2020,570008,57000029,MILLSIDE RD,SECOND AVE,300,Okaloosa
2021,570008,57509500,CR-393,MILLSIDE RD,400,Okaloosa
2021,570008,57000029,MILLSIDE RD,SECOND AVE,400,Okaloosa
2022,570008,57000029,MILLSIDE RD,SECOND AVE,350,Okaloosa
2022,570008,57509500,CR-393,MILLSIDE RD,350,Okaloosa
2023,570008,57000029,MILLSIDE RD,SECOND AVE,350,Okaloosa
2023,570008,57509500,CR-393,MILLSIDE RD,350,Okaloosa
2019,570009,57010000,MIDDLEBROOKS RD,SR-4,5500,Okaloosa
2020,570009,57010000,MIDDLEBROOKS RD,SR-4,5300,Okaloosa
2021,570009,57010000,MIDDLEBROOKS RD,SR-4,6000,Okaloosa
2022,570009,57010000,MIDDLEBROOKS RD,SR-4,6200,Okaloosa
2023,570009,57010000,MIDDLEBROOKS RD,SR-4,6500,Okaloosa
2019,570010,57509000,WALTON CO LINE,CR-393/HWY 393,350,Okaloosa
2020,570010,57509000,WALTON CO LINE,CR-393/HWY 393,450,Okaloosa
2021,570010,57509000,WALTON CO LINE,CR-393/HWY 393,500,Okaloosa
2022,570010,57509000,WALTON CO LINE,CR-393/HWY 393,400,Okaloosa
2023,570010,57509000,WALTON CO LINE,CR-393/HWY 393,500,Okaloosa
2019,570018,57030000,PARK ENT,STAHLMAN AVE,44500,Okaloosa
2020,570018,57030000,PARK ENT,STAHLMAN AVE,39000,Okaloosa
2021,570018,57030000,PARK ENT,STAHLMAN AVE,43500,Okaloosa
2022,570018,57030000,COASTGUARD STATION,STAHLMAN AVE,40500,Okaloosa
2023,570018,57030000,COASTGUARD STATION,STAHLMAN AVE,44500,Okaloosa
2019,570019,57030000,HAMPTON INN ENT/EXIT,RESTAURANT ROW,9200,Okaloosa
2019,570019,57030000,,WALTON CO LINE,9200,Okaloosa
2019,570019,57030000,,,9200,Okaloosa
2019,570019,57030001,MP23.890 OF 57030000,SECTION END MP 0.488,9200,Okaloosa
2020,570019,57030000,,WALTON CO LINE,7100,Okaloosa
2020,570019,57030000,HAMPTON INN ENT/EXIT,RESTAURANT ROW,7100,Okaloosa
2020,570019,57030001,MP23.890 OF 57030000,SECTION END MP 0.488,7100,Okaloosa
2020,570019,57030000,,,7100,Okaloosa
2021,570019,57030000,HAMPTON INN ENT/EXIT,RESTAURANT ROW,9600,Okaloosa
2021,570019,57030001,MP23.890 OF 57030000,SECTION END MP 0.488,9600,Okaloosa
2021,570019,57030000,,WALTON CO LINE,9600,Okaloosa
2021,570019,57030000,,,9600,Okaloosa
2022,570019,57030000,,WALTON CO LINE,8400,Okaloosa
2022,570019,57030001,MP23.890 OF 57030000,SECTION END MP 0.488,8400,Okaloosa
2022,570019,57030000,,,8400,Okaloosa
2022,570019,57030000,HAMPTON INN,RESTAURANT ROW,8400,Okaloosa
2023,570019,57030000,HAMPTON INN,RESTAURANT ROW,7300,Okaloosa
2023,570019,57030000,,WALTON CO LINE,7300,Okaloosa
2023,570019,57030000,,,7300,Okaloosa
2023,570019,57030001,MP23.890 OF 57030000,SECTION END MP 0.488,7300,Okaloosa
2019,570051,57060000,CR-602,CR-85A/SECOND AVE,4100,Okaloosa
2020,570051,57060000,CR-602,CR-85A/SECOND AVE,3800,Okaloosa
2021,570051,57060000,CR-602,CR-85A/SECOND AVE,4200,Okaloosa
2022,570051,57060000,CR-602,CR-85A/SECOND AVE,4600,Okaloosa
2023,570051,57060000,CR-602,CR-85A/SECOND AVE,4400,Okaloosa
2019,570054,57060000,CR-85A/SECOND AVE,CR-85A,3600,Okaloosa
2020,570054,57060000,CR-85A/SECOND AVE,CR-85A,3400,Okaloosa
2021,570054,57060000,CR-85A/SECOND AVE,CR-85A,3800,Okaloosa
2022,570054,57060000,CR-85A/SECOND AVE,CR-85A,4200,Okaloosa
2023,570054,57060000,CR-85A/SECOND AVE,CR-85A,4000,Okaloosa
2019,570088,57050000,57150005 SB ON,PJ ADAMS PKWY,40500,Okaloosa
2020,570088,57050000,57150005 SB ON,PJ ADAMS PKWY,40500,Okaloosa
2021,570088,57050000,57150005 SB ON,PJ ADAMS PKWY,41500,Okaloosa
2022,570088,57050000,57150005 SB ON,PJ ADAMS PKWY,42500,Okaloosa
2023,570088,57050000,57150005 SB ON,PJ ADAMS PKWY,41000,Okaloosa
2019,570090,57080000,CR189/GALIVER CUTOFF,US-90/SR-10,9600,Okaloosa
2020,570090,57080000,CR189/GALIVER CUTOFF,US-90/SR-10,9400,Okaloosa
2021,570090,57080000,CR189/GALIVER CUTOFF,US-90/SR-10,11100,Okaloosa
2022,570090,57080000,CR189/GALIVER CUTOFF,US-90/SR-10,11400,Okaloosa
2023,570090,57080000,CR189/GALIVER CUTOFF,US-90/SR-10,10900,Okaloosa
2019,570098,57010000,SANTA ROSA CO LINE,CR-189/LOG LAKE RD,3800,Okaloosa
2020,570098,57010000,SANTA ROSA CO LINE,CR-189/LOG LAKE RD,3400,Okaloosa
2021,570098,57010000,SANTA ROSA CO LINE,CR-189/LOG LAKE RD,4300,Okaloosa
2022,570098,57010000,SANTA ROSA CO LINE,CR-189/LOG LAKE RD,4000,Okaloosa
2023,570098,57010000,SANTA ROSA CO LINE,CR-189/LOG LAKE RD,4300,Okaloosa
2019,570101,57010000,SR-4,CR-4/ANTIOCH RD,15700,Okaloosa
2020,570101,57010000,SR-4,CR-4/ANTIOCH RD,16200,Okaloosa
2021,570101,57010000,SR-4,CR-4/ANTIOCH RD,17500,Okaloosa
2022,570101,57010000,SR-4,CR-4/ANTIOCH RD,17400,Okaloosa
2023,570101,57010000,SR-4,CR-4/ANTIOCH RD,18100,Okaloosa
2019,570110,57040000,57160118 SB ON,COUNTY LINE RD,12600,Okaloosa
2020,570110,57040000,57160118 SB ON,COUNTY LINE RD,12000,Okaloosa
2021,570110,57040000,57160118 SB ON,COUNTY LINE RD,13500,Okaloosa
2022,570110,57040000,57160118 SB ON,COUNTY LINE RD,14100,Okaloosa
2023,570110,57040000,57160118 SB ON,COUNTY LINE RD,15600,Okaloosa
2019,570118,57060000,CR-85A,COUNTY LINE RD,3200,Okaloosa
2020,570118,57060000,CR-85A,COUNTY LINE RD,3000,Okaloosa
2021,570118,57060000,CR-85A,COUNTY LINE RD,3200,Okaloosa
2022,570118,57060000,CR-85A,COUNTY LINE RD,3400,Okaloosa
2023,570118,57060000,CR-85A,COUNTY LINE RD,3400,Okaloosa
2019,570120,57070000,VINSON RAY RD,CR-2/HWY 2,4600,Okaloosa
2020,570120,57070000,VINSON RAY RD,CR-2/HWY 2,4600,Okaloosa
2021,570120,57070000,VINSON RAY RD,CR-2/HWY 2,4100,Okaloosa
2022,570120,57070000,VINSON RAY RD,CR-2/HWY 2,4900,Okaloosa
2023,570120,57070000,VINSON RAY RD,CR-2/HWY 2,5000,Okaloosa
2019,570121,57070000,CR-2/HWY 2,L G RUSSELL RD,3200,Okaloosa
2020,570121,57070000,CR-2/HWY 2,L G RUSSELL RD,3200,Okaloosa
2021,570121,57070000,CR-2/HWY 2,L G RUSSELL RD,3800,Okaloosa
2022,570121,57070000,CR-2/HWY 2,L G RUSSELL RD,4100,Okaloosa
2023,570121,57070000,CR-2/HWY 2,L G RUSSELL RD,4300,Okaloosa
2019,570122,57010000,CR-4/ANTIOCH RD,ENZOR RD,14937,Okaloosa
2020,570122,57010000,CR-4/ANTIOCH RD,ENZOR RD,14041,Okaloosa
2021,570122,57010000,CR-4/ANTIOCH RD,ENZOR RD,15651,Okaloosa
2022,570122,57010000,CR-4/ANTIOCH RD,ENZOR RD,16298,Okaloosa
2023,570122,57010000,CR-4/ANTIOCH RD,ENZOR RD,16896,Okaloosa
2019,570124,57010000,CR-393/HWY 393,WALTON CO LINE,6700,Okaloosa
2020,570124,57010000,CR-393/HWY 393,WALTON CO LINE,6500,Okaloosa
2021,570124,57010000,CR-393/HWY 393,WALTON CO LINE,6200,Okaloosa
2022,570124,57010000,CR-393/HWY 393,WALTON CO LINE,7600,Okaloosa
2023,570124,57010000,CR-393/HWY 393,WALTON CO LINE,8400,Okaloosa
2019,570128,57010000,CR-189/LOG LAKE RD,MIDDLEBROOKS RD,6600,Okaloosa
2020,570128,57010000,CR-189/LOG LAKE RD,MIDDLEBROOKS RD,5900,Okaloosa
2021,570128,57010000,CR-189/LOG LAKE RD,MIDDLEBROOKS RD,7100,Okaloosa
2022,570128,57010000,CR-189/LOG LAKE RD,MIDDLEBROOKS RD,6700,Okaloosa
2023,570128,57010000,CR-189/LOG LAKE RD,MIDDLEBROOKS RD,7000,Okaloosa
2019,570139,57060000,CR-188/AIRPORT RD,BRADLEY RD,10000,Okaloosa
2020,570139,57060000,CR-188/AIRPORT RD,BRADLEY RD,11000,Okaloosa
2021,570139,57060000,CR-188/AIRPORT RD,BRADLEY RD,11300,Okaloosa
2022,570139,57060000,CR-188/AIRPORT RD,BRADLEY RD,12700,Okaloosa
2023,570139,57060000,CR-188/AIRPORT RD,BRADLEY RD,13000,Okaloosa
2019,570167,57030000,SANTA ROSA CO LINE,PARRISH BLVD,39790,Okaloosa
2020,570167,57030000,SANTA ROSA CO LINE,PARRISH BLVD,35651,Okaloosa
2021,570167,57030000,SANTA ROSA CO LINE,PARRISH BLVD,39090,Okaloosa
2022,570167,57030000,SANTA ROSA CO LINE,PARRISH BLVD,39424,Okaloosa
2023,570167,57030000,SANTA ROSA CO LINE,PARRISH BLVD,39431,Okaloosa
2019,570170,57510000,US-90/SR-10/HWY 90,SR-4/HWY 4,3400,Okaloosa
2020,570170,57510000,US-90/SR-10/HWY 90,SR-4/HWY 4,2500,Okaloosa
2021,570170,57510000,US-90/SR-10/HWY 90,SR-4/HWY 4,3100,Okaloosa
2022,570170,57510000,US-90/SR-10/HWY 90,SR-4/HWY 4,2900,Okaloosa
2023,570170,57510000,US-90/SR-10/HWY 90,SR-4/HWY 4,3500,Okaloosa
2019,570189,57140000,HARBOR BLVD,BENNING DR,3000,Okaloosa
2020,570189,57140000,HARBOR BLVD,BENNING DR,2300,Okaloosa
2021,570189,57140000,HARBOR BLVD,BENNING DR,2900,Okaloosa
2022,570189,57140000,HARBOR BLVD,BENNING DR,2700,Okaloosa
2023,570189,57140000,HARBOR BLVD,BENNING DR,2700,Okaloosa
2019,570190,57040026,SR-85 NB,EGLIN AFB GATE,10900,Okaloosa
2020,570190,57040026,SR-85 NB,EGLIN AFB GATE,10700,Okaloosa
2021,570190,57040026,SR-85 NB,EGLIN AFB GATE,9900,Okaloosa
2022,570190,57040026,SR-85 NB,SR-85 SB,4900,Okaloosa
2022,570190,57040026,SR-85 SB,EGLIN AFB GATE,9900,Okaloosa
2023,570190,57040026,SR-85 SB,EGLIN AFB GATE,9400,Okaloosa
2023,570190,57040026,SR-85 NB,SR-85 SB,4700,Okaloosa
2019,570200,57570000,CR-2/HWY 2,SR-85/HWY 85,500,Okaloosa
2020,570200,57570000,CR-2/HWY 2,SR-85/HWY 85,600,Okaloosa
2021,570200,57570000,CR-2/HWY 2,SR-85/HWY 85,600,Okaloosa
2022,570200,57570000,CR-2/HWY 2,SR-85/HWY 85,650,Okaloosa
2023,570200,57570000,CR-2/HWY 2,SR-85/HWY 85,600,Okaloosa
2019,570214,57550000,SR-85,,100,Okaloosa
2020,570214,57550000,SR-85,,100,Okaloosa
2021,570214,57550000,SR-85,,100,Okaloosa
2022,570214,57550000,SR-85,,100,Okaloosa
2023,570214,57550000,SR-85,,100,Okaloosa
2019,570217,57570000,US-90/SR-10/HWY 90,CR-2/HWY 2,2400,Okaloosa
2020,570217,57570000,US-90/SR-10/HWY 90,CR-2/HWY 2,2300,Okaloosa
2021,570217,57570000,US-90/SR-10/HWY 90,CR-2/HWY 2,2700,Okaloosa
2022,570217,57570000,US-90/SR-10/HWY 90,CR-2/HWY 2,2900,Okaloosa
2023,570217,57570000,US-90/SR-10/HWY 90,CR-2/HWY 2,2900,Okaloosa
2019,570219,57050000,57160131 NB OFF,57150005 SB ON,18199,Okaloosa
2020,570219,57050000,57160131 NB OFF,57150005 SB ON,16131,Okaloosa
2021,570219,57050000,57160131 NB OFF,57150005 SB ON,18128,Okaloosa
2022,570219,57050000,57160131 NB OFF,57150005 SB ON,17692,Okaloosa
2023,570219,57050000,57160131 NB OFF,57150005 SB ON,17765,Okaloosa
2019,570250,57130000,GREEN ACRES RD,MOONEY RD,31982,Okaloosa
2020,570250,57130000,GREEN ACRES RD,MOONEY RD,27875,Okaloosa
2021,570250,57130000,GREEN ACRES RD,MOONEY RD,30842,Okaloosa
2022,570250,57130000,GREEN ACRES RD,MOONEY RD,31524,Okaloosa
2023,570250,57130000,GREEN ACRES RD,MOONEY RD,31525,Okaloosa
2019,570260,57040000,SR-189,GEN ROBERT M BOND BL,39000,Okaloosa
2020,570260,57040000,SR-189,GEN ROBERT M BOND BL,35000,Okaloosa
2021,570260,57040000,SR-189,GEN ROBERT M BOND BL,39500,Okaloosa
2022,570260,57040000,SR-189,GEN ROBERT M BOND BL,40500,Okaloosa
2023,570260,57040000,SR-189,GEN ROBERT M BOND BL,39500,Okaloosa
2019,570261,57040000,57150002 NB ON,FROM SR-190,32000,Okaloosa
2020,570261,57040000,57150002 NB ON,FROM SR-190,32000,Okaloosa
2021,570261,57040000,57150002 NB ON,FROM SR-190,31500,Okaloosa
2022,570261,57040000,57150002 NB ON,FROM SR-190,30000,Okaloosa
2023,570261,57040000,57150002 NB ON,FROM SR-190,25000,Okaloosa
2019,570275,57590000,,US-90/SR-10/HWY 90,4900,Okaloosa
2020,570275,57590000,,US-90/SR-10/HWY 90,4500,Okaloosa
2021,570275,57590000,,US-90/SR-10/HWY 90,5700,Okaloosa
2022,570275,57590000,,US-90/SR-10/HWY 90,5300,Okaloosa
2023,570275,57590000,,US-90/SR-10/HWY 90,5500,Okaloosa
2019,570278,57620000,US-90/SR-10/HWY 90,BUCK WARD RD,1500,Okaloosa
2020,570278,57620000,US-90/SR-10/HWY 90,BUCK WARD RD,1700,Okaloosa
2021,570278,57620000,US-90/SR-10/HWY 90,BUCK WARD RD,1700,Okaloosa
2022,570278,57620000,US-90/SR-10/HWY 90,BUCK WARD RD,1800,Okaloosa
2023,570278,57620000,US-90/SR-10/HWY 90,BUCK WARD RD,1600,Okaloosa
2019,570280,57620000,ADDISON PLACE,US-90/SR-10/HWY 90,9600,Okaloosa
2020,570280,57620000,ADDISON PLACE,US-90/SR-10/HWY 90,9000,Okaloosa
2021,570280,57620000,ADDISON PLACE,US-90/SR-10/HWY 90,9300,Okaloosa
2022,570280,57620000,ADDISON PLACE,US-90/SR-10/HWY 90,10900,Okaloosa
2023,570280,57620000,ADDISON PLACE,US-90/SR-10/HWY 90,10900,Okaloosa
2019,570282,57550500,ALABAMA STATE LINE,CHURCH DRIVEWAY,900,Okaloosa
2020,570282,57550500,ALABAMA STATE LINE,CHURCH DRIVEWAY,850,Okaloosa
2021,570282,57550500,ALABAMA STATE LINE,CHURCH DRIVEWAY,750,Okaloosa
2022,570282,57550500,ALABAMA STATE LINE,CHURCH DRIVEWAY,700,Okaloosa
2023,570282,57550500,ALABAMA STATE LINE,CHURCH DRIVEWAY,750,Okaloosa
2019,570283,57620501,ANTIOCH RD,SR-85,18400,Okaloosa
2020,570283,57620501,ANTIOCH RD,SR-85,18400,Okaloosa
2021,570283,57620501,ANTIOCH RD,SR-85,19000,Okaloosa
2022,570283,57620501,ANTIOCH RD,SR-85,19500,Okaloosa
2023,570283,57620501,ANTIOCH RD,SR-85,18300,Okaloosa
2019,570284,57620500,ADDISON PLACE APT,SR-85/S FERDON BLVD,3300,Okaloosa
2020,570284,57620500,ADDISON PLACE APT,SR-85/S FERDON BLVD,3100,Okaloosa
2021,570284,57620500,ADDISON PLACE APT,SR-85/S FERDON BLVD,4100,Okaloosa
2022,570284,57620500,ADDISON PLACE APT,SR-85/S FERDON BLVD,4100,Okaloosa
2023,570284,57620500,ADDISON PLACE APT,SR-85/S FERDON BLVD,4800,Okaloosa
2019,570285,57000021,7TH ST,SR-20,7600,Okaloosa
2020,570285,57000021,7TH ST,SR-20,7000,Okaloosa
2021,570285,57000021,7TH ST,SR-20,7500,Okaloosa
2022,570285,57000021,7TH ST,SR-20,7400,Okaloosa
2023,570285,57000021,7TH ST,SR-20,7600,Okaloosa
2019,570289,57501000,SR-85,POVERTY CREEK RD,5900,Okaloosa
2020,570289,57501000,SR-85,POVERTY CREEK RD,6200,Okaloosa
2021,570289,57501000,SR-85,POVERTY CREEK RD,6500,Okaloosa
2022,570289,57501000,SR-85,POVERTY CREEK RD,7000,Okaloosa
2023,570289,57501000,SR-85,POVERTY CREEK RD,8700,Okaloosa
2019,570290,57130000,GEN BOND BLVD,SR-85,22900,Okaloosa
2020,570290,57130000,GEN BOND BLVD,SR-85,22800,Okaloosa
2021,570290,57130000,GEN BOND BLVD,SR-85,21100,Okaloosa
2022,570290,57130000,GEN BOND BLVD,SR-85,21900,Okaloosa
2023,570290,57130000,GEN BOND BLVD,SR-85,21300,Okaloosa
2019,570291,57130000,SR-85,SR-397/EGLIN BLVD,13900,Okaloosa
2020,570291,57130000,SR-85,SR-397/EGLIN BLVD,13700,Okaloosa
2021,570291,57130000,SR-85,SR-397/EGLIN BLVD,11700,Okaloosa
2022,570291,57130000,SR-85,SR-397/EGLIN BLVD,11900,Okaloosa
2023,570291,57130000,SR-85,SR-397/EGLIN BLVD,12000,Okaloosa
2019,570294,57040000,BAY DR,WHITE POINT RD,30500,Okaloosa
2020,570294,57040000,BAY DR,WHITE POINT RD,28500,Okaloosa
2021,570294,57040000,BAY DR,WHITE POINT RD,31500,Okaloosa
2022,570294,57040000,BAY DR,CR-293/WHITE POINT R,31500,Okaloosa
2023,570294,57040000,BAY DR,CR-293/WHITE POINT R,31000,Okaloosa
2019,570295,57518000,UNSIGNED,SR-20,5700,Okaloosa
2020,570295,57518000,UNSIGNED,SR-20,5400,Okaloosa
2021,570295,57518000,UNSIGNED,SR-20,5200,Okaloosa
2022,570295,57518000,MID BAY BR ADMIN,SR-20,5100,Okaloosa
2023,570295,57518000,MID BAY BR ADMIN,SR-20,5400,Okaloosa
2019,570296,57518000,LEGENDARY MARINE ENT,,20500,Okaloosa
2019,570296,57160000,END TOLL PLAZA CONC,57160113 NB OFF,20500,Okaloosa
2020,570296,57160000,END TOLL PLAZA CONC,57160113 NB OFF,17400,Okaloosa
2020,570296,57518000,LEGENDARY MARINE ENT,,17400,Okaloosa
2021,570296,57160000,END TOLL PLAZA CONC,57160113 NB OFF,22500,Okaloosa
2021,570296,57518000,LEGENDARY MARINE ENT,,22500,Okaloosa
2022,570296,57160000,END TOLL PLAZA CONC,57160113 NB OFF,23000,Okaloosa
2022,570296,57518000,LEGENDARY MARINE DR,,23000,Okaloosa
2023,570296,57518000,LEGENDARY MARINE DR,,23500,Okaloosa
2023,570296,57160000,END TOLL PLAZA CONC,57160113 NB OFF,23500,Okaloosa
2019,570297,57000114,SR-20/JOHN SIMS PKWY,HUNTINGTON CIR,7400,Okaloosa
2020,570297,57000114,SR-20/JOHN SIMS PKWY,HUNTINGTON CIR,7000,Okaloosa
2021,570297,57000114,SR-20/JOHN SIMS PKWY,HUNTINGTON CIR,8600,Okaloosa
2022,570297,57000114,SR-20/JOHN SIMS PKWY,HUNTINGTON CIR,12100,Okaloosa
2023,570297,57000114,SR-20/JOHN SIMS PKWY,HUNTINGTON CIR,7900,Okaloosa
2019,570298,57040000,EDGEWATER DR,BAY DR,40000,Okaloosa
2020,570298,57040000,EDGEWATER DR,BAY DR,35000,Okaloosa
2021,570298,57040000,EDGEWATER DR,BAY DR,42000,Okaloosa
2022,570298,57040000,EDGEWATER DR,BAY DR,40000,Okaloosa
2023,570298,57040000,EDGEWATER DR,BAY DR,39500,Okaloosa
2019,570299,57150000,SR-85 WB FRONTAGE RD,Bridge No-570177,21500,Okaloosa
2020,570299,57150000,SR-85 WB FRONTAGE RD,Bridge No-570177,21500,Okaloosa
2021,570299,57150000,SR-85 WB FRONTAGE RD,Bridge No-570177,23500,Okaloosa
2022,570299,57150000,SR-85 WB FRONTAGE RD,Bridge No-570177,24500,Okaloosa
2023,570299,57150000,SR-85 WB FRONTAGE RD,Bridge No-570177,23000,Okaloosa
2019,570300,57590000,WHIPPOORWILL DR,,1100,Okaloosa
2020,570300,57590000,WHIPPOORWILL DR,,1200,Okaloosa
2021,570300,57590000,WHIPPOORWILL DR,,1300,Okaloosa
2022,570300,57590000,WHIPPOORWILL DR,,1500,Okaloosa
2023,570300,57590000,WHIPPOORWILL DR,,1400,Okaloosa
2019,570301,57100000,SR-189/HWY 189,SR-85/HWY 85,550,Okaloosa
2020,570301,57100000,SR-189/HWY 189,SR-85/HWY 85,350,Okaloosa
2021,570301,57100000,SR-189/HWY 189,SR-85/HWY 85,300,Okaloosa
2022,570301,57100000,SR-189/HWY 189,SR-85/HWY 85,400,Okaloosa
2023,570301,57100000,SR-189/HWY 189,SR-85/HWY 85,400,Okaloosa
2019,570302,57010000,FAIRCHILD RD,CR-393/HWY 393,8200,Okaloosa
2020,570302,57010000,FAIRCHILD RD,CR-393/HWY 393,7900,Okaloosa
2021,570302,57010000,FAIRCHILD RD,CR-393/HWY 393,9000,Okaloosa
2022,570302,57010000,FAIRCHILD RD,CR-393/HWY 393,8600,Okaloosa
2023,570302,57010000,FAIRCHILD RD,CR-393/HWY 393,10100,Okaloosa
2019,570303,57501000,NORMANDY RD,SR-85,5300,Okaloosa
2020,570303,57501000,NORMANDY RD,SR-85,5000,Okaloosa
2021,570303,57501000,NORMANDY RD,SR-85,5500,Okaloosa
2022,570303,57501000,NORMANDY RD,SR-85,5800,Okaloosa
2023,570303,57501000,NORMANDY RD,SR-85,5900,Okaloosa
2019,570304,57000007,US-90/SR-10,L3 COMMUNICATIONS,1600,Okaloosa
2020,570304,57000007,US-90/SR-10,CRESTVIEW AEROSPACE,1600,Okaloosa
2021,570304,57000007,US-90/SR-10,CRESTVIEW AEROSPACE,1800,Okaloosa
2022,570304,57000007,US-90/SR-10,CRESTVIEW AEROSPACE,1700,Okaloosa
2023,570304,57000007,US-90/SR-10,CRESTVIEW AEROSPACE,1600,Okaloosa
2019,570305,57501500,US-90/SR-10,NORMANDY RD,6400,Okaloosa
2020,570305,57501500,US-90/SR-10,NORMANDY RD,5600,Okaloosa
2021,570305,57501500,US-90/SR-10,NORMANDY RD,6300,Okaloosa
2022,570305,57501500,US-90/SR-10,NORMANDY RD,7300,Okaloosa
2023,570305,57501500,US-90/SR-10,NORMANDY RD,6900,Okaloosa
2019,570306,57030000,PARRISH BLVD,Bridge No-570182,50500,Okaloosa
2020,570306,57030000,PARRISH BLVD,Bridge No-570182,45000,Okaloosa
2021,570306,57030000,PARRISH BLVD,Bridge No-570182,50000,Okaloosa
2022,570306,57030000,PARRISH BLVD,Bridge No-570182,50000,Okaloosa
2023,570306,57030000,PARRISH BLVD,Bridge No-570182,48000,Okaloosa
2019,570307,57040000,SR-397,SR-189,24000,Okaloosa
2020,570307,57040000,SR-397,SR-189,20200,Okaloosa
2021,570307,57040000,SR-397,SR-189,23000,Okaloosa
2022,570307,57040000,SR-397,SR-189,23500,Okaloosa
2023,570307,57040000,SR-397,SR-189,22000,Okaloosa
2019,570309,57090000,COLLEGE BLVD,57160127 NB OFF,6800,Okaloosa
2020,570309,57090000,COLLEGE BLVD,57160127 NB OFF,6700,Okaloosa
2021,570309,57090000,COLLEGE BLVD,57160127 NB OFF,6700,Okaloosa
2022,570309,57090000,COLLEGE BLVD,57160127 NB OFF,7800,Okaloosa
2023,570309,57090000, , ,8700,Okaloosa
2019,570310,57518000,US-98/SR-30,LEGENDARY MARINE ENT,25000,Okaloosa
2020,570310,57518000,US-98/SR-30,LEGENDARY MARINE ENT,18800,Okaloosa
2021,570310,57518000,US-98/SR-30,LEGENDARY MARINE ENT,25000,Okaloosa
2022,570310,57518000,US-98/SR-30,LEGENDARY MARINE DR,24000,Okaloosa
2023,570310,57518000,US-98/SR-30,LEGENDARY MARINE DR,24500,Okaloosa
2022,570311,57000118,INDIAN BAYOU TR,TRIUMPH RD,14500,Okaloosa
2023,570311,57000118,INDIAN BAYOU TR,TRIUMPH RD,13000,Okaloosa
2019,570312,57150002,SR-85,57040200  FRONTAGE,10500,Okaloosa
2020,570312,57150002,SR-85,57040200  FRONTAGE,9800,Okaloosa
2021,570312,57150002,SR-85,57040200  FRONTAGE,11000,Okaloosa
2022,570312,57150002,SR-85 NB,57040200 WB FRONTAGE,10500,Okaloosa
2023,570312,57150002,SR-85 NB,57040200 WB FRONTAGE,10500,Okaloosa
2019,570313,57150003,SR-123,SR-85 SB,10000,Okaloosa
2020,570313,57150003,SR-123,SR-85 SB,9800,Okaloosa
2021,570313,57150003,SR-123,SR-85 SB,10500,Okaloosa
2022,570313,57150003,SR-123 NB GORE,SR-85 SB,11000,Okaloosa
2023,570313,57150003,SR-123 NB GORE,SR-85 SB,11000,Okaloosa
2019,570314,57040000,GEN ROBERT M BOND BL,57150002 NB ON,48500,Okaloosa
2020,570314,57040000,GEN ROBERT M BOND BL,57150002 NB ON,45500,Okaloosa
2021,570314,57040000,GEN ROBERT M BOND BL,57150002 NB ON,53000,Okaloosa
2022,570314,57040000,GEN ROBERT M BOND BL,57150002 NB ON,54000,Okaloosa
2023,570314,57040000,GEN ROBERT M BOND BL,57150002 NB ON,53500,Okaloosa
2019,570315,57180000,57050102 SB ON,57050104 NB OFF,2700,Okaloosa
2020,570315,57180000,57050102 SB ON,57050104 NB OFF,3000,Okaloosa
2021,570315,57180000,57050102 SB ON,57050104 NB OFF,2800,Okaloosa
2022,570315,57180000,57050102 SB ON,57050104 NB OFF,3200,Okaloosa
2023,570315,57180000,57050102 SB ON,57050104 NB OFF,2800,Okaloosa
2022,570316,57000118,TRIUMPH RD,SR-293,13600,Okaloosa
2023,570316,57000118,TRIUMPH RD,SR-293,12400,Okaloosa
2019,570317,57000118,CR-30F/AIRPORT RD,SR-293,20000,Okaloosa
2020,570317,57000118,CR-30F/AIRPORT RD,SR-293,19500,Okaloosa
2021,570317,57000118,CR-30F/AIRPORT RD,SR-293,16500,Okaloosa
2022,570317,57000118,CR-30F/AIRPORT RD,INDIAN BAYOU TR,16000,Okaloosa
2023,570317,57000118,CR-30F/AIRPORT RD,INDIAN BAYOU TR,16500,Okaloosa
2019,570318,57002000,57002002 EB OFF,57002006 EB OFF,30616,Okaloosa
2020,570318,57002000,57002002 EB OFF,57002006 EB OFF,27287,Okaloosa
2021,570318,57002000,57002002 EB OFF,57002006 EB OFF,33015,Okaloosa
2022,570318,57002000,57002002 EB OFF,57002006 EB OFF,32807,Okaloosa
2023,570318,57002000,57002002 EB OFF,57002006 EB OFF,32484,Okaloosa
2019,570319,57150004,N END BRIDGE 570077,SR-85,10500,Okaloosa
2020,570319,57150004,N END BRIDGE 570077,SR-85,10500,Okaloosa
2021,570319,57150004,N END BRIDGE 570077,SR-85,10500,Okaloosa
2022,570319,57150004,N END BRIDGE 570076,SR-85,11000,Okaloosa
2023,570319,57150004,N END BRIDGE 570076,SR-85,10500,Okaloosa
2019,570320,57150005,SR-85 SB,N END BRIDGE 570177,11000,Okaloosa
2020,570320,57150005,SR-85 SB,N END BRIDGE 570177,11000,Okaloosa
2021,570320,57150005,SR-85 SB,N END BRIDGE 570177,11000,Okaloosa
2022,570320,57150005,SR-85 SB,N END BRIDGE 570177,11000,Okaloosa
2023,570320,57150005,SR-85 SB,N END BRIDGE 570177,11000,Okaloosa
2019,570356,57060000,BRADLEY RD,CR-602,3790,Okaloosa
2020,570356,57060000,BRADLEY RD,CR-602,3645,Okaloosa
2021,570356,57060000,BRADLEY RD,CR-602,3923,Okaloosa
2022,570356,57060000,BRADLEY RD,CR-602,3977,Okaloosa
2023,570356,57060000,BRADLEY RD,CR-602,4137,Okaloosa
2019,570385,57030000,BRACKIN WAYSIDE PARK,PARK ENT,42752,Okaloosa
2020,570385,57030000,BRACKIN WAYSIDE PARK,PARK ENT,38568,Okaloosa
2021,570385,57030000,BRACKIN WAYSIDE PARK,PARK ENT,42301,Okaloosa
2022,570385,57030000,PARK,COASTGUARD STATION,41733,Okaloosa
2023,570385,57030000,PARK,COASTGUARD STATION,40656,Okaloosa
2019,571499,57507002,SR-285,ROCKY BAYOU DR,4100,Okaloosa
2020,571499,57507002,SR-285,ROCKY BAYOU DR,3400,Okaloosa
2021,571499,57507002,SR-285,ROCKY BAYOU DR,4700,Okaloosa
2022,571499,57507002,SR-285,ROCKY BAYOU DR,4000,Okaloosa
2023,571499,57507002,SR-285,ROCKY BAYOU DR,4100,Okaloosa
2019,571500,57507001,SR-85,KELLY WAY,7500,Okaloosa
2020,571500,57507001,SR-85,KELLY WAY,6200,Okaloosa
2021,571500,57507001,SR-85,KELLY WAY,6800,Okaloosa
2022,571500,57507001,SR-85,KELLY WAY,6800,Okaloosa
2023,571500,57507001,SR-85,KELLY WAY,7100,Okaloosa
2019,571501,57000023,VALPARAISO BLVD,7TH ST,1350,Okaloosa
2020,571501,57000023,VALPARAISO BLVD,7TH ST,1350,Okaloosa
2021,571501,57000023,VALPARAISO BLVD,7TH ST,1350,Okaloosa
2022,571501,57000023,VALPARAISO BLVD,7TH ST,1250,Okaloosa
2023,571501,57000023,VALPARAISO BLVD,7TH ST,1050,Okaloosa
2019,571502,57040000,REDWOOD AVE,EDGEWATER DR,38500,Okaloosa
2020,571502,57040000,REDWOOD AVE,EDGEWATER DR,35500,Okaloosa
2021,571502,57040000,REDWOOD AVE,EDGEWATER DR,41500,Okaloosa
2022,571502,57040000,REDWOOD AVE,EDGEWATER DR,40500,Okaloosa
2023,571502,57040000,REDWOOD AVE,EDGEWATER DR,37500,Okaloosa
2019,571503,57050000,CR-190/COLLEGE BLVD,57160131 NB OFF,13600,Okaloosa
2020,571503,57050000,CR-190/COLLEGE BLVD,57160131 NB OFF,12900,Okaloosa
2021,571503,57050000,CR-190/COLLEGE BLVD,57160131 NB OFF,13500,Okaloosa
2022,571503,57050000,COLLEGE BLVD,57160131 NB OFF,13200,Okaloosa
2023,571503,57050000,COLLEGE BLVD,57160131 NB OFF,12600,Okaloosa
2019,571504,57040027,SR-85,NORDBERG AVE,4400,Okaloosa
2020,571504,57040027,SR-85,NORDBERG AVE,4200,Okaloosa
2021,571504,57040027,SR-85,NORDBERG AVE,4300,Okaloosa
2022,571504,57040027,SR-85,NORDBERG AVE,4100,Okaloosa
2023,571504,57040027,SR-85,NORDBERG AVE,4200,Okaloosa
2019,571505,57040027,CHICAGO AVE,SR-85,23500,Okaloosa
2020,571505,57040027,CHICAGO AVE,SR-85,23500,Okaloosa
2021,571505,57040027,CHICAGO AVE,SR-85,20500,Okaloosa
2022,571505,57040027,CHICAGO AVE,SHOPPING CTR,22000,Okaloosa
2023,571505,57040027,CHICAGO AVE,SHOPPING CTR,22000,Okaloosa
2019,571506,57090000,PALM BLVD,COLLEGE BLVD,8000,Okaloosa
2020,571506,57090000,PALM BLVD,COLLEGE BLVD,7900,Okaloosa
2021,571506,57090000,PALM BLVD,COLLEGE BLVD,8700,Okaloosa
2022,571506,57090000,PALM BLVD,COLLEGE BLVD,8900,Okaloosa
2023,571506,57090000,PALM BLVD,COLLEGE BLVD,8900,Okaloosa
2019,571507,57040000,FROM SR-190,SR-397,21500,Okaloosa
2020,571507,57040000,FROM SR-190,SR-397,19500,Okaloosa
2021,571507,57040000,FROM SR-190,SR-397,22500,Okaloosa
2022,571507,57040000,FROM SR-190,SR-397,23500,Okaloosa
2023,571507,57040000,FROM SR-190,SR-397,23500,Okaloosa
2019,571508,57507000,SR-85,PALM BLVD,10700,Okaloosa
2020,571508,57507000,SR-85,PALM BLVD,8700,Okaloosa
2021,571508,57507000,SR-85,PALM BLVD,9700,Okaloosa
2022,571508,57507000,SR-85,PALM BLVD,9800,Okaloosa
2023,571508,57507000,SR-85,PALM BLVD,10900,Okaloosa
2019,571510,57040000,SR-397,SR-85,47500,Okaloosa
2020,571510,57040000,SR-397,SR-85,40000,Okaloosa
2021,571510,57040000,SR-397,SR-85,45000,Okaloosa
2022,571510,57040000,SR-397,SR-85,47500,Okaloosa
2023,571510,57040000,SR-397,SR-85,43500,Okaloosa
2019,571511,57090000,SR-20/JOHN SIMS PKWY,BAYSHORE DR,2400,Okaloosa
2020,571511,57090000,SR-20/JOHN SIMS PKWY,BAYSHORE DR,2200,Okaloosa
2021,571511,57090000,SR-20/JOHN SIMS PKWY,BAYSHORE DR,2300,Okaloosa
2022,571511,57090000,SR-20/JOHN SIMS PKWY,BAYSHORE DR,2000,Okaloosa
2023,571511,57090000,SR-20/JOHN SIMS PKWY,BAYSHORE DR,2300,Okaloosa
2019,571512,57540015,PALM BLVD,END OF PAVEMENT,2700,Okaloosa
2020,571512,57540015,PALM BLVD,END OF PAVEMENT,2500,Okaloosa
2021,571512,57540015,PALM BLVD,END OF PAVEMENT,2700,Okaloosa
2022,571512,57540015,PALM BLVD,END OF PAVEMENT,2600,Okaloosa
2023,571512,57540015,PALM BLVD,END OF PAVEMENT,2400,Okaloosa
2019,571514,57507001,KELLY WAY,SR-85,8800,Okaloosa
2020,571514,57507001,KELLY WAY,SR-85,7700,Okaloosa
2021,571514,57507001,KELLY WAY,SR-85,7800,Okaloosa
2022,571514,57507001,KELLY WAY,SR-85,7900,Okaloosa
2023,571514,57507001,KELLY WAY,SR-85,9100,Okaloosa
2019,571518,57160000,57160113 NB OFF,57160117 NB OFF,19300,Okaloosa
2020,571518,57160000,57160113 NB OFF,57160117 NB OFF,18200,Okaloosa
2021,571518,57160000,57160113 NB OFF,57160117 NB OFF,23500,Okaloosa
2022,571518,57160000,57160113 NB OFF,57160117 NB OFF,18100,Okaloosa
2023,571518,57160000,57160113 NB OFF,57160117 NB OFF,19200,Okaloosa
2019,571519,57160000,57160117 NB OFF,57160123 NB OFF,9500,Okaloosa
2020,571519,57160000,57160117 NB OFF,57160123 NB OFF,8400,Okaloosa
2021,571519,57160000,57160117 NB OFF,57160123 NB OFF,12500,Okaloosa
2022,571519,57160000,57160117 NB OFF,57160123 NB OFF,9000,Okaloosa
2023,571519,57160000,57160117 NB OFF,57160123 NB OFF,9400,Okaloosa
2019,571520,57040000,WHITE POINT RD,57160118 SB ON,23000,Okaloosa
2020,571520,57040000,WHITE POINT RD,57160118 SB ON,21000,Okaloosa
2021,571520,57040000,WHITE POINT RD,57160118 SB ON,24000,Okaloosa
2022,571520,57040000,CR-293/WHITE POINT R,57160118 SB ON,25000,Okaloosa
2023,571520,57040000,CR-293/WHITE POINT R,57160118 SB ON,25000,Okaloosa
2019,571521,57160000,57160123 NB OFF,57160128 SB ON,10600,Okaloosa
2020,571521,57160000,57160123 NB OFF,57160128 SB ON,8800,Okaloosa
2021,571521,57160000,57160123 NB OFF,57160128 SB ON,12100,Okaloosa
2022,571521,57160000,57160123 NB OFF,57160128 SB ON,11100,Okaloosa
2023,571521,57160000,57160123 NB OFF,57160128 SB ON,12900,Okaloosa
2019,571522,57160000,57160128 SB ON,GORE 57160129/130,8900,Okaloosa
2020,571522,57160000,57160128 SB ON,GORE 57160129/130,7600,Okaloosa
2021,571522,57160000,57160128 SB ON,GORE 57160129/130,10500,Okaloosa
2022,571522,57160000,57160128 SB ON,GORE 57160129/130,10500,Okaloosa
2023,571522,57160000,57160128 SB ON,GORE 57160129/130,11000,Okaloosa
2019,571601,57010000,BRACKIN ST,FAIRCHILD RD,11900,Okaloosa
2020,571601,57010000,BRACKIN ST,FAIRCHILD RD,11600,Okaloosa
2021,571601,57010000,BRACKIN ST,FAIRCHILD RD,11900,Okaloosa
2022,571601,57010000,BRACKIN ST,FAIRCHILD RD,12500,Okaloosa
2023,571601,57010000,BRACKIN ST,FAIRCHILD RD,13000,Okaloosa
2019,571602,57010000,ENZOR RD,LINDBERG ST,19100,Okaloosa
2020,571602,57010000,ENZOR RD,LINDBERG ST,18400,Okaloosa
2021,571602,57010000,ENZOR RD,LINDBERG ST,20400,Okaloosa
2022,571602,57010000,ENZOR RD,LINDBERG ST,19800,Okaloosa
2023,571602,57010000,ENZOR RD,LINDBERG ST,20500,Okaloosa
2019,571603,57060000,JONES RD,CR-188/AIRPORT RD,25500,Okaloosa
2020,571603,57060000,JONES RD,CR-188/AIRPORT RD,24500,Okaloosa
2021,571603,57060000,JONES RD,CR-188/AIRPORT RD,25500,Okaloosa
2022,571603,57060000,JONES RD,CR-188/AIRPORT RD,27000,Okaloosa
2023,571603,57060000,JONES RD,CR-188/AIRPORT RD,28500,Okaloosa
2019,571605,57500000,S MAIN ST,US-90/SR-10/HWY 90,450,Okaloosa
2020,571605,57500000,S MAIN ST,US-90/SR-10/HWY 90,450,Okaloosa
2021,571605,57500000,S MAIN ST,US-90/SR-10/HWY 90,450,Okaloosa
2022,571605,57500000,S MAIN ST,US-90/SR-10/HWY 90,500,Okaloosa
2023,571605,57500000,S MAIN ST,US-90/SR-10/HWY 90,500,Okaloosa
2019,571606,57050000,W REDSTONE AVE,E CANE AVE,46000,Okaloosa
2020,571606,57050000,W REDSTONE AVE,E CANE AVE,44000,Okaloosa
2021,571606,57050000,W REDSTONE AVE,E CANE AVE,44000,Okaloosa
2022,571606,57050000,W REDSTONE AVE,E CANE AVE,45500,Okaloosa
2023,571606,57050000,W REDSTONE AVE,E CANE AVE,47000,Okaloosa
2019,571607,57050000,JOHN KING RD,TO I-10 EB,47500,Okaloosa
2020,571607,57050000,JOHN KING RD,TO I-10 EB,47000,Okaloosa
2021,571607,57050000,JOHN KING RD,TO I-10 EB,52000,Okaloosa
2022,571607,57050000,JOHN KING RD,TO I-10 EB,51500,Okaloosa
2023,571607,57050000,JOHN KING RD,TO I-10 EB,50500,Okaloosa
2019,571608,57050000,WAL MART RD,W REDSTONE AVE,44000,Okaloosa
2020,571608,57050000,WAL MART RD,W REDSTONE AVE,41500,Okaloosa
2021,571608,57050000,WAL MART RD,W REDSTONE AVE,44000,Okaloosa
2022,571608,57050000,WAL MART RD,W REDSTONE AVE,45000,Okaloosa
2023,571608,57050000,WAL MART RD,W REDSTONE AVE,44000,Okaloosa
2019,571609,57050000,TO I-10 EB,WAL MART RD,45500,Okaloosa
2020,571609,57050000,TO I-10 EB,WAL MART RD,46500,Okaloosa
2021,571609,57050000,TO I-10 EB,WAL MART RD,47000,Okaloosa
2022,571609,57050000,TO I-10 EB,WAL MART RD,47500,Okaloosa
2023,571609,57050000,TO I-10 EB,WAL MART RD,49000,Okaloosa
2019,571610,57050000,PJ ADAMS PKWY,JOHN KING RD,41500,Okaloosa
2020,571610,57050000,PJ ADAMS PKWY,JOHN KING RD,39500,Okaloosa
2021,571610,57050000,PJ ADAMS PKWY,JOHN KING RD,40000,Okaloosa
2022,571610,57050000,PJ ADAMS PKWY,JOHN KING RD,41000,Okaloosa
2023,571610,57050000,PJ ADAMS PKWY,JOHN KING RD,42000,Okaloosa
2019,571701,57110000,MEMORIAL PKWY NW,OAK ST,31500,Okaloosa
2020,571701,57110000,MEMORIAL PKWY NW,OAK ST,27000,Okaloosa
2021,571701,57110000,MEMORIAL PKWY NW,OAK ST,31000,Okaloosa
2022,571701,57110000,MEMORIAL PKWY NW,OAK ST,31000,Okaloosa
2023,571701,57110000,MEMORIAL PKWY NW,OAK ST,30000,Okaloosa
2019,571702,57030000,SR393MARY ESTHER BLV,MEMORIAL PKWY SW,30500,Okaloosa
2020,571702,57030000,SR393MARY ESTHER BLV,MEMORIAL PKWY SW,29500,Okaloosa
2021,571702,57030000,SR393MARY ESTHER BLV,MEMORIAL PKWY SW,29000,Okaloosa
2022,571702,57030000,SR393MARY ESTHER BLV,MEMORIAL PKWY SW,28000,Okaloosa
2023,571702,57030000,SR393MARY ESTHER BLV,MEMORIAL PKWY SW,28000,Okaloosa
2019,571704,57040000,WALTER MARTIN RD,YACHT CLUB DR,45000,Okaloosa
2020,571704,57040000,WALTER MARTIN RD,YACHT CLUB DR,40000,Okaloosa
2021,571704,57040000,WALTER MARTIN RD,YACHT CLUB DR,39500,Okaloosa
2022,571704,57040000,SHOPPING CTR,YACHT CLUB DR,42000,Okaloosa
2023,571704,57040000,SHOPPING CTR,YACHT CLUB DR,41000,Okaloosa
2019,571705,57030000,Bridge No-570182,DOOLITTLE BLVD,44000,Okaloosa
2020,571705,57030000,Bridge No-570182,DOOLITTLE BLVD,43000,Okaloosa
2021,571705,57030000,Bridge No-570182,DOOLITTLE BLVD,45000,Okaloosa
2022,571705,57030000,Bridge No-570182,BUSINESS ENT/EXIT,45500,Okaloosa
2023,571705,57030000,Bridge No-570182,BUSINESS ENT/EXIT,43500,Okaloosa
2019,571706,57130000,MOONEY RD,GEN BOND BLVD,36000,Okaloosa
2020,571706,57130000,MOONEY RD,GEN BOND BLVD,30000,Okaloosa
2021,571706,57130000,MOONEY RD,GEN BOND BLVD,34500,Okaloosa
2022,571706,57130000,MOONEY RD,GEN BOND BLVD,35500,Okaloosa
2023,571706,57130000,MOONEY RD,GEN BOND BLVD,35000,Okaloosa
2019,571707,57040000,4TH AVE,12TH AVE,49000,Okaloosa
2020,571707,57040000,4TH AVE,12TH AVE,48000,Okaloosa
2021,571707,57040000,4TH AVE,12TH AVE,46000,Okaloosa
2022,571707,57040000,4TH AVE,12TH AVE,46500,Okaloosa
2023,571707,57040000,4TH AVE,12TH AVE,45000,Okaloosa
2019,571708,57110028,HOLLYWOOD BLVD,SHOPPING CENTER,25000,Okaloosa
2019,571708,57110028,SHOPPING CENTER,WRIGHT PKWY NW,25000,Okaloosa
2020,571708,57110028,HOLLYWOOD BLVD,SHOPPING CENTER,24000,Okaloosa
2020,571708,57110028,SHOPPING CENTER,WRIGHT PKWY NW,24000,Okaloosa
2021,571708,57110028,HOLLYWOOD BLVD,SHOPPING CENTER,25500,Okaloosa
2021,571708,57110028,SHOPPING CENTER,WRIGHT PKWY NW,25500,Okaloosa
2022,571708,57110028,HOLLYWOOD BLVD,BUSINESS,26000,Okaloosa
2022,571708,57110028,BUSINESS,WRIGHT PKWY NW,26000,Okaloosa
2023,571708,57110028,HOLLYWOOD BLVD,BUSINESS,24500,Okaloosa
2023,571708,57110028,BUSINESS,WRIGHT PKWY NW,24500,Okaloosa
2019,571709,57040000,YACHT CLUB DR,MONAHAN DR,50000,Okaloosa
2020,571709,57040000,YACHT CLUB DR,MONAHAN DR,49000,Okaloosa
2021,571709,57040000,YACHT CLUB DR,MONAHAN DR,50000,Okaloosa
2022,571709,57040000,YACHT CLUB DR,MONAHAN DR,52000,Okaloosa
2023,571709,57040000,YACHT CLUB DR,MONAHAN DR,49500,Okaloosa
2019,571710,57040000,12TH AVE,SR-397,38000,Okaloosa
2020,571710,57040000,12TH AVE,SR-397,31500,Okaloosa
2021,571710,57040000,12TH AVE,SR-397,32000,Okaloosa
2022,571710,57040000,12TH AVE,SR-397,33500,Okaloosa
2023,571710,57040000,12TH AVE,SR-397,33500,Okaloosa
2019,571711,57610001,SR-85/EGLIN PKWY,FERRY RD NE,3000,Okaloosa
2020,571711,57610001,SR-85/EGLIN PKWY,FERRY RD NE,2300,Okaloosa
2021,571711,57610001,SR-85/EGLIN PKWY,FERRY RD NE,2400,Okaloosa
2022,571711,57610001,SR-85/EGLIN PKWY,FERRY RD NE,2400,Okaloosa
2023,571711,57610001,SR-85/EGLIN PKWY,FERRY RD NE,2400,Okaloosa
2019,572004,57002000,57002006 EB OFF,WALTON CO LINE,22000,Okaloosa
2020,572004,57002000,57002006 EB OFF,WALTON CO LINE,21000,Okaloosa
2021,572004,57002000,57002006 EB OFF,WALTON CO LINE,22000,Okaloosa
2022,572004,57002000,57002006 EB OFF,WALTON CO LINE,25500,Okaloosa
2023,572004,57002000,57002006 EB OFF,WALTON CO LINE,26500,Okaloosa
2019,572601,57002001,CR-189,I-10/SR-8,1600,Okaloosa
2020,572601,57002001,CR-189,I-10/SR-8,1500,Okaloosa
2021,572601,57002001,CR-189,I-10/SR-8,1800,Okaloosa
2022,572601,57002001,CR-189,I-10/SR-8,1700,Okaloosa
2023,572601,57002001,CR-189,I-10/SR-8,2000,Okaloosa
2019,572602,57002002,I-10/SR-8,CR-189,1700,Okaloosa
2020,572602,57002002,I-10/SR-8,CR-189,1500,Okaloosa
2021,572602,57002002,I-10/SR-8,CR-189,1800,Okaloosa
2022,572602,57002002,I-10/SR-8,CR-189,1700,Okaloosa
2023,572602,57002002,I-10/SR-8,CR-189,1900,Okaloosa
2019,572603,57002003,I-10/SR-8,CR-189,800,Okaloosa
2020,572603,57002003,I-10/SR-8,CR-189,800,Okaloosa
2021,572603,57002003,I-10/SR-8,CR-189,850,Okaloosa
2022,572603,57002003,I-10/SR-8,CR-189,850,Okaloosa
2023,572603,57002003,I-10/SR-8,CR-189,900,Okaloosa
2019,572604,57002004,CR-189,I-10/SR-8,800,Okaloosa
2020,572604,57002004,CR-189,I-10/SR-8,800,Okaloosa
2021,572604,57002004,CR-189,I-10/SR-8,950,Okaloosa
2022,572604,57002004,CR-189,I-10/SR-8,950,Okaloosa
2023,572604,57002004,CR-189,I-10/SR-8,1000,Okaloosa
2019,572605,57002005,SR-85,I-10/SR-8,5700,Okaloosa
2020,572605,57002005,SR-85,I-10/SR-8,5500,Okaloosa
2021,572605,57002005,SR-85,I-10/SR-8,6200,Okaloosa
2022,572605,57002005,SR-85,I-10/SR-8,5600,Okaloosa
2023,572605,57002005,SR-85,I-10/SR-8,6300,Okaloosa
2019,572606,57002006,I-10/SR-8,SR-85/S FERDON BLVD,6300,Okaloosa
2020,572606,57002006,I-10/SR-8,SR-85/S FERDON BLVD,6300,Okaloosa
2021,572606,57002006,I-10/SR-8,SR-85/S FERDON BLVD,7200,Okaloosa
2022,572606,57002006,I-10/SR-8,SR-85/S FERDON BLVD,6400,Okaloosa
2023,572606,57002006,I-10/SR-8,SR-85/S FERDON BLVD,7000,Okaloosa
2019,572607,57002007,I-10/SR-8,SR-85/ S FERDON BLVD,2500,Okaloosa
2020,572607,57002007,I-10/SR-8,SR-85/ S FERDON BLVD,2300,Okaloosa
2021,572607,57002007,I-10/SR-8,SR-85/ S FERDON BLVD,2800,Okaloosa
2022,572607,57002007,I-10/SR-8,SR-85/ S FERDON BLVD,2700,Okaloosa
2023,572607,57002007,I-10/SR-8,SR-85/ S FERDON BLVD,3100,Okaloosa
2019,572608,57002008,SR-85,I-10/SR-8,2800,Okaloosa
2020,572608,57002008,SR-85,I-10/SR-8,2600,Okaloosa
2021,572608,57002008,SR-85,I-10/SR-8,3200,Okaloosa
2022,572608,57002008,SR-85,I-10/SR-8,2800,Okaloosa
2023,572608,57002008,SR-85,I-10/SR-8,2600,Okaloosa
2019,575002,57500013,BRESSLER ST,SR-85/S FERDON BLVD,1300,Okaloosa
2020,575002,57500013,BRESSLER ST,SR-85/S FERDON BLVD,1300,Okaloosa
2021,575002,57500013,BRESSLER ST,SR-85/S FERDON BLVD,1400,Okaloosa
2022,575002,57500013,BRESSLER ST,SR-85/S FERDON BLVD,1300,Okaloosa
2023,575002,57500013,BRESSLER ST,SR-85/S FERDON BLVD,1300,Okaloosa
2019,575003,57090000,BAYSHORE DR,SR-20/JOHN SIMS PKWY,2300,Okaloosa
2020,575003,57090000,BAYSHORE DR,SR-20/JOHN SIMS PKWY,1900,Okaloosa
2021,575003,57090000,BAYSHORE DR,SR-20/JOHN SIMS PKWY,2600,Okaloosa
2022,575003,57090000,BAYSHORE DR,SR-20/JOHN SIMS PKWY,2100,Okaloosa
2023,575003,57090000,BAYSHORE DR,SR-20/JOHN SIMS PKWY,2300,Okaloosa
2019,575004,57500016,S LLOYD ST,MCDONALD ST,1700,Okaloosa
2020,575004,57500016,S LLOYD ST,MCDONALD ST,1800,Okaloosa
2021,575004,57500016,S LLOYD ST,MCDONALD ST,1600,Okaloosa
2022,575004,57500016,S LLOYD ST,MCDONALD ST,1600,Okaloosa
2023,575004,57500016,S LLOYD ST,MCDONALD ST,1600,Okaloosa
2019,575005,57020000,21ST ST,PARTIN DR,4300,Okaloosa
2020,575005,57020000,21ST ST,PARTIN DR,4000,Okaloosa
2021,575005,57020000,21ST ST,PARTIN DR,4200,Okaloosa
2022,575005,57020000,21ST ST,CR-285/PARTIN DR,4200,Okaloosa
2023,575005,57020000,21ST ST,CR-285/PARTIN DR,4300,Okaloosa
2019,575007,57000008,SR-85/N FERDON BLVD,WOODLAWN DR,250,Okaloosa
2020,575007,57000008,SR-85/N FERDON BLVD,WOODLAWN DR,250,Okaloosa
2021,575007,57000008,SR-85/N FERDON BLVD,WOODLAWN DR,300,Okaloosa
2022,575007,57000008,SR-85/N FERDON BLVD,WOODLAWN DR,300,Okaloosa
2023,575007,57000008,SR-85/N FERDON BLVD,WOODLAWN DR,300,Okaloosa
2019,575009,57040000,SR-85,DAVIS DR,44000,Okaloosa
2020,575009,57040000,SR-85,DAVIS DR,39000,Okaloosa
2021,575009,57040000,SR-85,DAVIS DR,45000,Okaloosa
2022,575009,57040000,SR-85,DAVIS DR,45000,Okaloosa
2023,575009,57040000,SR-85,DAVIS DR,42500,Okaloosa
2019,575010,57040000,DAVIS DR,CR-285,43000,Okaloosa
2020,575010,57040000,DAVIS DR,CR-285,37500,Okaloosa
2021,575010,57040000,DAVIS DR,CR-285,44000,Okaloosa
2022,575010,57040000,DAVIS DR,CR-285,44500,Okaloosa
2023,575010,57040000,DAVIS DR,CR-285,41000,Okaloosa
2019,575014,57540002,SR-20/JOHN SIMS PKWY,SR-285/N PARTIN DR,850,Okaloosa
2020,575014,57540002,SR-20/JOHN SIMS PKWY,SR-285/N PARTIN DR,650,Okaloosa
2021,575014,57540002,SR-20/JOHN SIMS PKWY,SR-285/N PARTIN DR,800,Okaloosa
2022,575014,57540002,SR-20/JOHN SIMS PKWY,SR-285/N PARTIN DR,700,Okaloosa
2023,575014,57540002,SR-20/JOHN SIMS PKWY,SR-285/N PARTIN DR,650,Okaloosa
2019,575016,57050000,SR-20,CR-190/COLLEGE BLVD,14600,Okaloosa
2020,575016,57050000,SR-20,CR-190/COLLEGE BLVD,13400,Okaloosa
2021,575016,57050000,SR-20,CR-190/COLLEGE BLVD,12800,Okaloosa
2022,575016,57050000,SR-20,COLLEGE BLVD,14600,Okaloosa
2023,575016,57050000,SR-20,COLLEGE BLVD,14000,Okaloosa
2019,575022,57040027,NORDBERG AVE,,3600,Okaloosa
2019,575022,57040028,FROM VALPARAISO PKWY,SR-397,3600,Okaloosa
2020,575022,57040027,NORDBERG AVE,,3100,Okaloosa
2020,575022,57040028,FROM VALPARAISO PKWY,SR-397,3100,Okaloosa
2021,575022,57040028,FROM VALPARAISO PKWY,SR-397,3100,Okaloosa
2021,575022,57040027,NORDBERG AVE,,3100,Okaloosa
2022,575022,57040027,NORDBERG AVE,,3100,Okaloosa
2022,575022,57040028,FROM VALPARAISO PKWY,SR-397,3100,Okaloosa
2023,575022,57040028,FROM VALPARAISO PKWY,SR-397,3400,Okaloosa
2023,575022,57040027,NORDBERG AVE,,3400,Okaloosa
2019,575023,57040025,N BAYSHORE DR,SR-190,22000,Okaloosa
2019,575023,57040028,SR-397,CHICAGO AVE,22000,Okaloosa
2020,575023,57040028,SR-397,CHICAGO AVE,22000,Okaloosa
2020,575023,57040025,N BAYSHORE DR,SR-190,22000,Okaloosa
2021,575023,57040028,SR-397,CHICAGO AVE,20500,Okaloosa
2021,575023,57040025,N BAYSHORE DR,SR-190,20500,Okaloosa
2022,575023,57040028,SR-397,CHICAGO AVE,19800,Okaloosa
2022,575023,57040025,N BAYSHORE DR,SR-190,19800,Okaloosa
2023,575023,57040025,N BAYSHORE DR,SR-190,19700,Okaloosa
2023,575023,57040028,SR-397,CHICAGO AVE,19700,Okaloosa
2019,575024,57040025,EGLIN AFB E GATE,N BAYSHORE DR,18400,Okaloosa
2020,575024,57040025,EGLIN AFB E GATE,N BAYSHORE DR,18200,Okaloosa
2021,575024,57040025,EGLIN AFB E GATE,N BAYSHORE DR,16800,Okaloosa
2022,575024,57040025,EGLIN AFB E GATE,N BAYSHORE DR,15300,Okaloosa
2023,575024,57040025,EGLIN AFB E GATE,N BAYSHORE DR,16600,Okaloosa
2019,575026,57508000,DESTIN AIRPORT,MAIN ST,23000,Okaloosa
2020,575026,57508000,DESTIN AIRPORT,MAIN ST,19900,Okaloosa
2021,575026,57508000,DESTIN AIRPORT,MAIN ST,18500,Okaloosa
2022,575026,57508000,AIRPORT,CR-30D/MAIN ST,23500,Okaloosa
2023,575026,57508000,AIRPORT,CR-30D/MAIN ST,21500,Okaloosa
2019,575027,57000113,BENNING DR,MAIN ST,12200,Okaloosa
2020,575027,57000113,BENNING DR,MAIN ST,12000,Okaloosa
2021,575027,57000113,BENNING DR,MAIN ST,11100,Okaloosa
2022,575027,57000113,CR-30B/BENNING DR,CR-30D/MAIN ST,12100,Okaloosa
2023,575027,57000113,CR-30B/BENNING DR,CR-30D/MAIN ST,12700,Okaloosa
2019,575034,57110000,YACHT CLUB DR,MEMORIAL PKWY NW,28000,Okaloosa
2020,575034,57110000,YACHT CLUB DR,MEMORIAL PKWY NW,25500,Okaloosa
2021,575034,57110000,YACHT CLUB DR,MEMORIAL PKWY NW,26500,Okaloosa
2022,575034,57110000,YACHT CLUB DR,MEMORIAL PKWY NW,25500,Okaloosa
2023,575034,57110000,YACHT CLUB DR,MEMORIAL PKWY NW,26500,Okaloosa
2019,575038,57030000,MEMORIAL PKWY SW,SR-189/BEAL PKWY SW,33000,Okaloosa
2020,575038,57030000,MEMORIAL PKWY SW,SR-189/BEAL PKWY SW,31000,Okaloosa
2021,575038,57030000,MEMORIAL PKWY SW,SR-189/BEAL PKWY SW,33500,Okaloosa
2022,575038,57030000,MEMORIAL PKWY SW,BUSINESS ENT/EXIT,30500,Okaloosa
2023,575038,57030000,MEMORIAL PKWY SW,BUSINESS ENT/EXIT,30500,Okaloosa
2019,575039,57030000,SR-189/BEAL PKWY SW,BROOKS ST SE,38000,Okaloosa
2020,575039,57030000,SR-189/BEAL PKWY SW,BROOKS ST SE,37000,Okaloosa
2021,575039,57030000,SR-189/BEAL PKWY SW,BROOKS ST SE,42500,Okaloosa
2022,575039,57030000,BUSINESS ENT/EXIT,BROOKS ST SE,38000,Okaloosa
2023,575039,57030000,BUSINESS ENT/EXIT,BROOKS ST SE,36000,Okaloosa
2019,575040,57030000,BROOKS ST SE,FLORIDA PL SE,35500,Okaloosa
2020,575040,57030000,BROOKS ST SE,FLORIDA PL SE,30000,Okaloosa
2021,575040,57030000,BROOKS ST SE,FLORIDA PL SE,34500,Okaloosa
2022,575040,57030000,BROOKS ST SE,FLORIDA PL SE,34500,Okaloosa
2023,575040,57030000,BROOKS ST SE,FLORIDA PL SE,31500,Okaloosa
2019,575043,57040000,57040029 TO/FROM,SR-85/FLORIDA PL SE,6600,Okaloosa
2019,575043,57040029,MIRACLE STRIP PKWY,FROM US-98/SR-30,6600,Okaloosa
2020,575043,57040029,MIRACLE STRIP PKWY,FROM US-98/SR-30,6100,Okaloosa
2020,575043,57040000,57040029 TO/FROM,SR-85/FLORIDA PL SE,6100,Okaloosa
2021,575043,57040029,MIRACLE STRIP PKWY,FROM US-98/SR-30,6700,Okaloosa
2021,575043,57040000,57040029 TO/FROM,SR-85/FLORIDA PL SE,6700,Okaloosa
2022,575043,57040000,57040029 TO/FROM,SR-85/FLORIDA PL SE,6200,Okaloosa
2022,575043,57040029,MIRACLE STRIP PKWY,FROM US-98/SR-30,6200,Okaloosa
2023,575043,57040000,57040029 TO/FROM,SR-85/FLORIDA PL SE,6500,Okaloosa
2023,575043,57040029,MIRACLE STRIP PKWY,FROM US-98/SR-30,6500,Okaloosa
2019,575045,57040000,PERRY AVE SE,HOLLYWOOD BLVD NE,36000,Okaloosa
2020,575045,57040000,PERRY AVE SE,HOLLYWOOD BLVD NE,34000,Okaloosa
2021,575045,57040000,PERRY AVE SE,HOLLYWOOD BLVD NE,35000,Okaloosa
2022,575045,57040000,SR-145/PERRY AVE SE,HOLLYWOOD BLVD SE,37000,Okaloosa
2023,575045,57040000,SR-145/PERRY AVE SE,HOLLYWOOD BLVD SE,36500,Okaloosa
2019,575051,57010000,SR-85,BRACKIN ST,13400,Okaloosa
2020,575051,57010000,SR-85,BRACKIN ST,12400,Okaloosa
2021,575051,57010000,SR-85,BRACKIN ST,13100,Okaloosa
2022,575051,57010000,SR-85,BRACKIN ST,13200,Okaloosa
2023,575051,57010000,SR-85,BRACKIN ST,10600,Okaloosa
2019,575052,57010000,N WILSON ST,SR-85,17500,Okaloosa
2020,575052,57010000,N WILSON ST,SR-85,18600,Okaloosa
2021,575052,57010000,N WILSON ST,SR-85,19600,Okaloosa
2022,575052,57010000,N WILSON ST,SR-85,18900,Okaloosa
2023,575052,57010000,N WILSON ST,SR-85,17200,Okaloosa
2019,575053,57010000,LINDBERG ST,N WILSON ST,21000,Okaloosa
2020,575053,57010000,LINDBERG ST,N WILSON ST,20400,Okaloosa
2021,575053,57010000,LINDBERG ST,N WILSON ST,23500,Okaloosa
2022,575053,57010000,LINDBERG ST,N WILSON ST,22000,Okaloosa
2023,575053,57010000,LINDBERG ST,N WILSON ST,22500,Okaloosa
2019,575054,57500012,US-90/SR-10,N LLOYD ST,2300,Okaloosa
2020,575054,57500012,US-90/SR-10,N LLOYD ST,1900,Okaloosa
2021,575054,57500012,US-90/SR-10,N LLOYD ST,2000,Okaloosa
2022,575054,57500012,US-90/SR-10,N LLOYD ST,2300,Okaloosa
2023,575054,57500012,US-90/SR-10,N LLOYD ST,2100,Okaloosa
2019,575055,57000004,US-90/SR-10/HWY 90,STILLWELL BLVD,2200,Okaloosa
2020,575055,57000004,US-90/SR-10/HWY 90,STILLWELL BLVD,2000,Okaloosa
2021,575055,57000004,US-90/SR-10/HWY 90,STILLWELL BLVD,2200,Okaloosa
2022,575055,57000004,US-90/SR-10/HWY 90,STILLWELL BLVD,2200,Okaloosa
2023,575055,57000004,US-90/SR-10/HWY 90,STILLWELL BLVD,2200,Okaloosa
2019,575056,57000005,US-90/SR-10,SR-85/FERDON BLVD,3700,Okaloosa
2020,575056,57000005,US-90/SR-10,SR-85/FERDON BLVD,3400,Okaloosa
2021,575056,57000005,US-90/SR-10,SR-85/FERDON BLVD,3700,Okaloosa
2022,575056,57000005,US-90/SR-10,SR-85/FERDON BLVD,3700,Okaloosa
2023,575056,57000005,US-90/SR-10,SR-85/FERDON BLVD,3700,Okaloosa
2019,575057,57060000,US-90/SR-10,LONG DR,28500,Okaloosa
2020,575057,57060000,US-90/SR-10,LONG DR,27000,Okaloosa
2021,575057,57060000,US-90/SR-10,LONG DR,29000,Okaloosa
2022,575057,57060000,US-90/SR-10,LONG DR,29000,Okaloosa
2023,575057,57060000,US-90/SR-10,LONG DR,29500,Okaloosa
2019,575060,57050000,E CANE AVE,US-90/SR-10,40000,Okaloosa
2020,575060,57050000,E CANE AVE,US-90/SR-10,36500,Okaloosa
2021,575060,57050000,E CANE AVE,US-90/SR-10,39000,Okaloosa
2022,575060,57050000,E CANE AVE,US-90/SR-10,38500,Okaloosa
2023,575060,57050000,E CANE AVE,US-90/SR-10,41500,Okaloosa
2019,575061,57000002,SR-85/S FERDON BLVD,E CHESNUT AVE,150,Okaloosa
2020,575061,57000002,SR-85/S FERDON BLVD,E CHESNUT AVE,200,Okaloosa
2021,575061,57000002,SR-85/S FERDON BLVD,E CHESNUT AVE,150,Okaloosa
2022,575061,57000002,SR-85/S FERDON BLVD,E CHESNUT AVE,200,Okaloosa
2023,575061,57000002,SR-85/S FERDON BLVD,E CHESNUT AVE,150,Okaloosa
2019,575063,57000003,MCDONALD ST,END OF PAVEMENT,1100,Okaloosa
2020,575063,57000003,MCDONALD ST,END OF PAVEMENT,1100,Okaloosa
2021,575063,57000003,MCDONALD ST,END OF PAVEMENT,1100,Okaloosa
2022,575063,57000003,MCDONALD ST,END OF PAVEMENT,1100,Okaloosa
2023,575063,57000003,MCDONALD ST,END OF PAVEMENT,1100,Okaloosa
2019,575065,57000018,SR-189/BEAL PKWY,SR-85/EGLIN PKWY NW,11500,Okaloosa
2020,575065,57000018,SR-189/BEAL PKWY,SR-85/EGLIN PKWY NW,9300,Okaloosa
2021,575065,57000018,SR-189/BEAL PKWY,SR-85/EGLIN PKWY NW,11100,Okaloosa
2022,575065,57000018,SR-189/BEAL PKWY,SR-85/EGLIN PKWY NW,10400,Okaloosa
2023,575065,57000018,SR-189/BEAL PKWY,SR-85/EGLIN PKWY NW,10300,Okaloosa
2019,575070,57000040,US-98/SR-30,HOLLYWOOD BLVD SW,5800,Okaloosa
2020,575070,57000040,US-98/SR-30,HOLLYWOOD BLVD SW,5600,Okaloosa
2021,575070,57000040,US-98/SR-30,HOLLYWOOD BLVD SW,6400,Okaloosa
2022,575070,57000040,US-98/SR-30,HOLLYWOOD BLVD SW,6100,Okaloosa
2023,575070,57000040,US-98/SR-30,HOLLYWOOD BLVD SW,6000,Okaloosa
2019,575071,57000016,HOLLYWOOD BLVD NW,SR-189/BEAL PKWY NW,5400,Okaloosa
2020,575071,57000016,HOLLYWOOD BLVD NW,SR-189/BEAL PKWY NW,5000,Okaloosa
2021,575071,57000016,HOLLYWOOD BLVD NW,SR-189/BEAL PKWY NW,5500,Okaloosa
2022,575071,57000016,HOLLYWOOD BLVD NW,SR-189/BEAL PKWY NW,5700,Okaloosa
2023,575071,57000016,HOLLYWOOD BLVD NW,SR-189/BEAL PKWY NW,5600,Okaloosa
2019,575072,57020500,VALPARAISO BLVD,FINCK RD,1800,Okaloosa
2020,575072,57020500,VALPARAISO BLVD,FINCK RD,1550,Okaloosa
2021,575072,57020500,VALPARAISO BLVD,FINCK RD,1650,Okaloosa
2022,575072,57020500,VALPARAISO BLVD,FINCK RD,1550,Okaloosa
2023,575072,57020500,VALPARAISO BLVD,FINCK RD,1500,Okaloosa
2019,575073,57040000,PALM BLVD,REDWOOD AVE,40000,Okaloosa
2020,575073,57040000,PALM BLVD,REDWOOD AVE,35500,Okaloosa
2021,575073,57040000,PALM BLVD,REDWOOD AVE,39500,Okaloosa
2022,575073,57040000,PALM BLVD,REDWOOD AVE,42000,Okaloosa
2023,575073,57040000,PALM BLVD,REDWOOD AVE,40000,Okaloosa
2019,575074,57040024,US-98/SR-30,FIRST ST SE,9000,Okaloosa
2020,575074,57040024,US-98/SR-30,FIRST ST SE,6900,Okaloosa
2021,575074,57040024,US-98/SR-30,FIRST ST SE,7400,Okaloosa
2022,575074,57040024,US-98/SR-30,FIRST ST SE,6800,Okaloosa
2023,575074,57040024,US-98/SR-30,FIRST ST SE,7100,Okaloosa
2019,575075,57000039,SR-189/BEAL PKWY,SR-85/EGLIN PKWY,8200,Okaloosa
2020,575075,57000039,SR-189/BEAL PKWY,SR-85/EGLIN PKWY,8200,Okaloosa
2021,575075,57000039,SR-189/BEAL PKWY,SR-85/EGLIN PKWY,8700,Okaloosa
2022,575075,57000039,SR-189/BEAL PKWY,SR-85/EGLIN PKWY,8500,Okaloosa
2023,575075,57000039,SR-189/BEAL PKWY,SR-85/EGLIN PKWY,7000,Okaloosa
2019,575076,57040000,CR-285,PALM BLVD,37500,Okaloosa
2020,575076,57040000,CR-285,PALM BLVD,32500,Okaloosa
2021,575076,57040000,CR-285,PALM BLVD,37500,Okaloosa
2022,575076,57040000,CR-285,PALM BLVD,38000,Okaloosa
2023,575076,57040000,CR-285,PALM BLVD,37000,Okaloosa
2019,575077,57090000,SR-20/JOHN SIMS PKWY,PALM BLVD,7600,Okaloosa
2020,575077,57090000,SR-20/JOHN SIMS PKWY,PALM BLVD,6700,Okaloosa
2021,575077,57090000,SR-20/JOHN SIMS PKWY,PALM BLVD,7600,Okaloosa
2022,575077,57090000,SR-20/JOHN SIMS PKWY,PALM BLVD,7900,Okaloosa
2023,575077,57090000,SR-20/JOHN SIMS PKWY,PALM BLVD,8000,Okaloosa
2019,575078,57610011,US-98/SR-30,SR-393,4600,Okaloosa
2020,575078,57610011,US-98/SR-30,SR-393,4300,Okaloosa
2021,575078,57610011,US-98/SR-30,SR-393,4500,Okaloosa
2022,575078,57610011,US-98/SR-30,SR-393,4700,Okaloosa
2023,575078,57610011,US-98/SR-30,SR-393,4400,Okaloosa
2019,575079,57040000,SR-85/FLORIDA PL SE,PERRY AVE SE,14700,Okaloosa
2020,575079,57040000,SR-85/FLORIDA PL SE,PERRY AVE SE,12900,Okaloosa
2021,575079,57040000,SR-85/FLORIDA PL SE,PERRY AVE SE,14000,Okaloosa
2022,575079,57040000,SR-85/FLORIDA PL SE,SR-145/PERRY AVE SE,14200,Okaloosa
2023,575079,57040000,SR-85/FLORIDA PL SE,SR-145/PERRY AVE SE,14900,Okaloosa
2019,575080,57030000,DOOLITTLE BLVD,SR393MARY ESTHER BLV,35500,Okaloosa
2020,575080,57030000,DOOLITTLE BLVD,SR393MARY ESTHER BLV,34000,Okaloosa
2021,575080,57030000,DOOLITTLE BLVD,SR393MARY ESTHER BLV,35000,Okaloosa
2022,575080,57030000,BUSINESS ENT/EXIT,SR393MARY ESTHER BLV,36000,Okaloosa
2023,575080,57030000,BUSINESS ENT/EXIT,SR393MARY ESTHER BLV,33000,Okaloosa
2019,575083,57030000,FLORIDA PL SE,PERRY AVE SE,37000,Okaloosa
2020,575083,57030000,FLORIDA PL SE,PERRY AVE SE,34500,Okaloosa
2021,575083,57030000,FLORIDA PL SE,PERRY AVE SE,36500,Okaloosa
2022,575083,57030000,FLORIDA PL SE,PERRY AVE SE,34500,Okaloosa
2023,575083,57030000,FLORIDA PL SE,PERRY AVE SE,36000,Okaloosa
2019,575084,57000013,SR-85/EGLIN PKWY,SR-188/RACETRACK RD,9300,Okaloosa
2020,575084,57000013,SR-85/EGLIN PKWY,SR-188/RACETRACK RD,8400,Okaloosa
2021,575084,57000013,SR-85/EGLIN PKWY,SR-188/RACETRACK RD,9200,Okaloosa
2022,575084,57000013,SR-85/EGLIN PKWY,SR-188/RACETRACK RD,9900,Okaloosa
2023,575084,57000013,SR-85/EGLIN PKWY,SR-188/RACETRACK RD,8700,Okaloosa
2019,575085,57000006,STILLWELL BLVD,SR-85,450,Okaloosa
2020,575085,57000006,STILLWELL BLVD,SR-85,650,Okaloosa
2021,575085,57000006,STILLWELL BLVD,SR-85,800,Okaloosa
2022,575085,57000006,STILLWELL BLVD,SR-85,850,Okaloosa
2023,575085,57000006,STILLWELL BLVD,SR-85,800,Okaloosa
2019,575086,57610103,SR-188/RACETRACK RD,GARNIERS POST RD,6300,Okaloosa
2020,575086,57610103,SR-188/RACETRACK RD,GARNIERS POST RD,6000,Okaloosa
2021,575086,57610103,SR-188/RACETRACK RD,GARNIERS POST RD,6100,Okaloosa
2022,575086,57610103,SR-188/RACETRACK RD,GARNIERS POST RD,7400,Okaloosa
2023,575086,57610103,SR-188/RACETRACK RD,GARNIERS POST RD,6200,Okaloosa
2019,575087,57000011,MOONEY RD NE,MOONEY RD NE,2050,Okaloosa
2020,575087,57000011,MOONEY RD NE,MOONEY RD NE,2050,Okaloosa
2021,575087,57000011,MOONEY RD NE,MOONEY RD NE,1800,Okaloosa
2022,575087,57000011,MOONEY RD NE,MOONEY RD NE,2250,Okaloosa
2023,575087,57000011,MOONEY RD NE,MOONEY RD NE,2150,Okaloosa
2019,575088,57000012,SKIPPER AVE,SR-188/RACETRACK RD,1000,Okaloosa
2020,575088,57000012,SKIPPER AVE,SR-188/RACETRACK RD,850,Okaloosa
2021,575088,57000012,SKIPPER AVE,SR-188/RACETRACK RD,1100,Okaloosa
2022,575088,57000012,SKIPPER AVE,SR-188/RACETRACK RD,950,Okaloosa
2023,575088,57000012,SKIPPER AVE,SR-188/RACETRACK RD,850,Okaloosa
2019,575090,57130000,SR-188/RACETRACK RD,GREEN ACRES RD,34000,Okaloosa
2020,575090,57130000,SR-188/RACETRACK RD,GREEN ACRES RD,34000,Okaloosa
2021,575090,57130000,SR-188/RACETRACK RD,GREEN ACRES RD,35000,Okaloosa
2022,575090,57130000,SR-188/RACETRACK RD,GREEN ACRES RD,34500,Okaloosa
2023,575090,57130000,SR-188/RACETRACK RD,GREEN ACRES RD,32500,Okaloosa
2019,575091,57003000,SR-189/BEAL PKWY,DENTON BLVD,28500,Okaloosa
2020,575091,57003000,SR-189/BEAL PKWY,DENTON BLVD,26500,Okaloosa
2021,575091,57003000,SR-189/BEAL PKWY,DENTON BLVD,26500,Okaloosa
2022,575091,57003000,SR-189/BEAL PKWY,DENTON BLVD,28500,Okaloosa
2023,575091,57003000,SR-189/BEAL PKWY,DENTON BLVD,27500,Okaloosa
2019,575092,57000018,WRIGHT PKWY NW,ROBINWOOD DR SW,11900,Okaloosa
2020,575092,57000018,WRIGHT PKWY NW,ROBINWOOD DR SW,9700,Okaloosa
2021,575092,57000018,WRIGHT PKWY NW,ROBINWOOD DR SW,10800,Okaloosa
2022,575092,57000018,WRIGHT PKWY NW,ROBINWOOD DR SW,10800,Okaloosa
2023,575092,57000018,WRIGHT PKWY NW,ROBINWOOD DR SW,10000,Okaloosa
2019,575093,57610009,SR-189/BEAL PKWY,LAFITTE CRESCENT,1600,Okaloosa
2020,575093,57610009,SR-189/BEAL PKWY,LAFITTE CRESCENT,1400,Okaloosa
2021,575093,57610009,SR-189/BEAL PKWY,LAFITTE CRESCENT,1600,Okaloosa
2022,575093,57610009,SR-189/BEAL PKWY,LAFITTE CRESCENT,1500,Okaloosa
2023,575093,57610009,SR-189/BEAL PKWY,LAFITTE CRESCENT,1500,Okaloosa
2019,575094,57000116,MIRACLE STRIP,HOLLYWOOD BLVD,16200,Okaloosa
2020,575094,57000116,MIRACLE STRIP,HOLLYWOOD BLVD,14300,Okaloosa
2021,575094,57000116,MIRACLE STRIP,HOLLYWOOD BLVD,18100,Okaloosa
2022,575094,57000116,MIRACLE STRIP,HOLLYWOOD BLVD,17200,Okaloosa
2023,575094,57000116,MIRACLE STRIP,HOLLYWOOD BLVD,16300,Okaloosa
2019,575095,57110000,OAK ST,LEWIS ST,49000,Okaloosa
2020,575095,57110000,OAK ST,LEWIS ST,47500,Okaloosa
2021,575095,57110000,OAK ST,LEWIS ST,50500,Okaloosa
2022,575095,57110000,OAK ST,LEWIS ST,52000,Okaloosa
2023,575095,57110000,OAK ST,LEWIS ST,50000,Okaloosa
2019,575096,57610001,SR-189/BEAL PKWY,SR-85/EGLIN PKWY,13300,Okaloosa
2020,575096,57610001,SR-189/BEAL PKWY,SR-85/EGLIN PKWY,11600,Okaloosa
2021,575096,57610001,SR-189/BEAL PKWY,SR-85/EGLIN PKWY,13000,Okaloosa
2022,575096,57610001,SR-189/BEAL PKWY,SR-85/EGLIN PKWY,12800,Okaloosa
2023,575096,57610001,SR-189/BEAL PKWY,SR-85/EGLIN PKWY,12400,Okaloosa
2019,575097,57000112,HOLLYWOOD BLVD NW,LOVEJOY RD NW,21000,Okaloosa
2020,575097,57000112,HOLLYWOOD BLVD NW,LOVEJOY RD NW,18000,Okaloosa
2021,575097,57000112,HOLLYWOOD BLVD NW,LOVEJOY RD NW,20500,Okaloosa
2022,575097,57000112,HOLLYWOOD BLVD NW,LOVEJOY RD NW,21000,Okaloosa
2023,575097,57000112,HOLLYWOOD BLVD NW,LOVEJOY RD NW,21500,Okaloosa
2019,575098,57110028,WRIGHT PKWY NW,SR-189/BEAL PKWY,32000,Okaloosa
2020,575098,57110028,WRIGHT PKWY NW,SR-189/BEAL PKWY,32000,Okaloosa
2021,575098,57110028,WRIGHT PKWY NW,SR-189/BEAL PKWY,33000,Okaloosa
2022,575098,57110028,WRIGHT PKWY NW,SR-189/BEAL PKWY,36500,Okaloosa
2023,575098,57110028,WRIGHT PKWY NW,SR-189/BEAL PKWY,33500,Okaloosa
2019,575099,57610501,HILL AVE NW,POPLAR AVE,7000,Okaloosa
2020,575099,57610501,HILL AVE NW,POPLAR AVE,5900,Okaloosa
2021,575099,57610501,HILL AVE NW,POPLAR AVE,6800,Okaloosa
2022,575099,57610501,HILL AVE NW,POPLAR AVE,6900,Okaloosa
2023,575099,57610501,HILL AVE NW,POPLAR AVE,6300,Okaloosa
2019,575100,57610501,POPLAR AVE,SR-393,7600,Okaloosa
2020,575100,57610501,POPLAR AVE,SR-393,6100,Okaloosa
2021,575100,57610501,POPLAR AVE,SR-393,7700,Okaloosa
2022,575100,57610501,POPLAR AVE,SR-393,7300,Okaloosa
2023,575100,57610501,POPLAR AVE,SR-393,6800,Okaloosa
2019,575101,57000112,LOVEJOY RD NW,FREEDOM WAY,26000,Okaloosa
2020,575101,57000112,LOVEJOY RD NW,FREEDOM WAY,23000,Okaloosa
2021,575101,57000112,LOVEJOY RD NW,FREEDOM WAY,26000,Okaloosa
2022,575101,57000112,LOVEJOY RD NW,FREEDOM WAY,27000,Okaloosa
2023,575101,57000112,LOVEJOY RD NW,FREEDOM WAY,27000,Okaloosa
2019,575102,57110000,US-98/SR-30,HOLLYWOOD BLVD,16300,Okaloosa
2020,575102,57110000,US-98/SR-30,HOLLYWOOD BLVD,14000,Okaloosa
2021,575102,57110000,US-98/SR-30,HOLLYWOOD BLVD,14100,Okaloosa
2022,575102,57110000,US-98/SR-30,HOLLYWOOD BLVD,14400,Okaloosa
2023,575102,57110000,US-98/SR-30,HOLLYWOOD BLVD,15000,Okaloosa
2019,575104,57030000,SANTA ROSA BLVD,BRACKIN WAYSIDE PARK,52500,Okaloosa
2019,575104,57030000,PERRY AVE SE,SANTA ROSA BLVD,52500,Okaloosa
2020,575104,57030000,SANTA ROSA BLVD,BRACKIN WAYSIDE PARK,46000,Okaloosa
2020,575104,57030000,PERRY AVE SE,SANTA ROSA BLVD,46000,Okaloosa
2021,575104,57030000,PERRY AVE SE,SANTA ROSA BLVD,50500,Okaloosa
2021,575104,57030000,SANTA ROSA BLVD,BRACKIN WAYSIDE PARK,50500,Okaloosa
2022,575104,57030000,PERRY AVE SE,SANTA ROSA BLVD,49500,Okaloosa
2022,575104,57030000,SANTA ROSA BLVD,PARK,49500,Okaloosa
2023,575104,57030000,SANTA ROSA BLVD,PARK,49000,Okaloosa
2023,575104,57030000,PERRY AVE SE,SANTA ROSA BLVD,49000,Okaloosa
2019,575105,57110028,MIRACLE STRIP,HOLLYWOOD BLVD,18300,Okaloosa
2020,575105,57110028,MIRACLE STRIP,HOLLYWOOD BLVD,18900,Okaloosa
2021,575105,57110028,MIRACLE STRIP,HOLLYWOOD BLVD,19900,Okaloosa
2022,575105,57110028,MIRACLE STRIP,HOLLYWOOD BLVD,19500,Okaloosa
2023,575105,57110028,MIRACLE STRIP,HOLLYWOOD BLVD,18100,Okaloosa
2019,575106,57040000,HOLLYWOOD BLVD NE,WALTER MARTIN RD,40500,Okaloosa
2020,575106,57040000,HOLLYWOOD BLVD NE,WALTER MARTIN RD,39000,Okaloosa
2021,575106,57040000,HOLLYWOOD BLVD NE,WALTER MARTIN RD,37500,Okaloosa
2022,575106,57040000,HOLLYWOOD BLVD SE,SHOPPING CTR,40500,Okaloosa
2023,575106,57040000,HOLLYWOOD BLVD SE,SHOPPING CTR,39500,Okaloosa
2019,575108,57040000,MONAHAN DR,4TH AVE,46500,Okaloosa
2020,575108,57040000,MONAHAN DR,4TH AVE,40500,Okaloosa
2021,575108,57040000,MONAHAN DR,4TH AVE,41500,Okaloosa
2022,575108,57040000,MONAHAN DR,4TH AVE,42500,Okaloosa
2023,575108,57040000,MONAHAN DR,4TH AVE,42000,Okaloosa
2019,575109,57610100,MEIGS DR,SR-85/EGLIN PKWY,1500,Okaloosa
2020,575109,57610100,MEIGS DR,SR-85/EGLIN PKWY,1300,Okaloosa
2021,575109,57610100,MEIGS DR,SR-85/EGLIN PKWY,1500,Okaloosa
2022,575109,57610100,MEIGS DR,SR-85/EGLIN PKWY,1500,Okaloosa
2023,575109,57610100,MEIGS DR,SR-85/EGLIN PKWY,1500,Okaloosa
2019,575110,57003000,MOONEY RD,SR-85/EGLIN PKWY,28000,Okaloosa
2020,575110,57003000,MOONEY RD,SR-85/EGLIN PKWY,26500,Okaloosa
2021,575110,57003000,MOONEY RD,SR-85/EGLIN PKWY,26500,Okaloosa
2022,575110,57003000,MOONEY RD,SR-85/EGLIN PKWY,28500,Okaloosa
2023,575110,57003000,MOONEY RD,SR-85/EGLIN PKWY,27500,Okaloosa
2019,575111,57000018,SR-393/MARY ESTHER,WRIGHT PKWY NW,9900,Okaloosa
2020,575111,57000018,SR-393/MARY ESTHER,WRIGHT PKWY NW,9100,Okaloosa
2021,575111,57000018,SR-393/MARY ESTHER,WRIGHT PKWY NW,9300,Okaloosa
2022,575111,57000018,SR-393/MARY ESTHER,WRIGHT PKWY NW,9900,Okaloosa
2023,575111,57000018,SR-393/MARY ESTHER,WRIGHT PKWY NW,9500,Okaloosa
2019,575112,57060000,LONG DR,JONES RD,28500,Okaloosa
2020,575112,57060000,LONG DR,JONES RD,26500,Okaloosa
2021,575112,57060000,LONG DR,JONES RD,27500,Okaloosa
2022,575112,57060000,LONG DR,JONES RD,28500,Okaloosa
2023,575112,57060000,LONG DR,JONES RD,29500,Okaloosa
2019,575113,57110000,LEWIS ST,SR-188/RACETRACK RD,42500,Okaloosa
2020,575113,57110000,LEWIS ST,SR-188/RACETRACK RD,37500,Okaloosa
2021,575113,57110000,LEWIS ST,SR-188/RACETRACK RD,42500,Okaloosa
2022,575113,57110000,LEWIS ST,SR-188/RACETRACK RD,43000,Okaloosa
2023,575113,57110000,LEWIS ST,SR-188/RACETRACK RD,40000,Okaloosa
2019,575114,57000019,FERRY RD NE,SR-85/EGLIN PKWY,7700,Okaloosa
2020,575114,57000019,FERRY RD NE,SR-85/EGLIN PKWY,7300,Okaloosa
2021,575114,57000019,FERRY RD NE,SR-85/EGLIN PKWY,7600,Okaloosa
2022,575114,57000019,FERRY RD NE,SR-85/EGLIN PKWY,7600,Okaloosa
2023,575114,57000019,FERRY RD NE,SR-85/EGLIN PKWY,7800,Okaloosa
2019,575115,57000112,HURLBURT RD,SCHNEIDER DR,22500,Okaloosa
2019,575115,57630000,GREEN ACRES BLVD,SR-189/BEAL PKWY,22500,Okaloosa
2020,575115,57000112,HURLBURT RD,SCHNEIDER DR,22500,Okaloosa
2020,575115,57630000,GREEN ACRES BLVD,SR-189/BEAL PKWY,22500,Okaloosa
2021,575115,57630000,GREEN ACRES BLVD,SR-189/BEAL PKWY,22500,Okaloosa
2021,575115,57000112,HURLBURT RD,SCHNEIDER DR,22500,Okaloosa
2022,575115,57630000,GREEN ACRES BLVD,SR-189/BEAL PKWY,23000,Okaloosa
2022,575115,57000112,HURLBURT RD,SCHNEIDER DR,23000,Okaloosa
2023,575115,57630000,GREEN ACRES BLVD,SR-189/BEAL PKWY,20500,Okaloosa
2023,575115,57000112,HURLBURT RD,SCHNEIDER DR,20500,Okaloosa
2019,575116,57000018,ROBINWOOD DR SW,SR-189/BEAL PKWY,16000,Okaloosa
2020,575116,57000018,ROBINWOOD DR SW,SR-189/BEAL PKWY,13000,Okaloosa
2021,575116,57000018,ROBINWOOD DR SW,SR-189/BEAL PKWY,15500,Okaloosa
2022,575116,57000018,ROBINWOOD DR SW,SR-189/BEAL PKWY,13000,Okaloosa
2023,575116,57000018,ROBINWOOD DR SW,SR-189/BEAL PKWY,12500,Okaloosa
2019,575117,57540101,SR-285,COLLEGE BLVD,4600,Okaloosa
2020,575117,57540101,SR-285,COLLEGE BLVD,3700,Okaloosa
2021,575117,57540101,SR-285,COLLEGE BLVD,3800,Okaloosa
2022,575117,57540101,SR-285,COLLEGE BLVD,3800,Okaloosa
2023,575117,57540101,SR-285,COLLEGE BLVD,3600,Okaloosa
2019,575118,57507000,PALM BLVD,SR-285,6600,Okaloosa
2020,575118,57507000,PALM BLVD,SR-285,5900,Okaloosa
2021,575118,57507000,PALM BLVD,SR-285,6700,Okaloosa
2022,575118,57507000,PALM BLVD,SR-285,7000,Okaloosa
2023,575118,57507000,PALM BLVD,SR-285,9700,Okaloosa
2019,575119,57540101,VALPARAISO BLVD,27TH ST,4800,Okaloosa
2020,575119,57540101,VALPARAISO BLVD,27TH ST,5300,Okaloosa
2021,575119,57540101,VALPARAISO BLVD,27TH ST,5800,Okaloosa
2022,575119,57540101,VALPARAISO BLVD,27TH ST,5200,Okaloosa
2023,575119,57540101,VALPARAISO BLVD,27TH ST,5100,Okaloosa
2019,575120,57540101,27TH ST,SR-20,8600,Okaloosa
2020,575120,57540101,27TH ST,SR-20,7200,Okaloosa
2021,575120,57540101,27TH ST,SR-20,10000,Okaloosa
2022,575120,57540101,27TH ST,SR-20,9200,Okaloosa
2023,575120,57540101,27TH ST,SR-20,8900,Okaloosa
2019,575121,57540101,SR-20,SR-285,8500,Okaloosa
2020,575121,57540101,SR-20,SR-285,8500,Okaloosa
2021,575121,57540101,SR-20,SR-285,8100,Okaloosa
2022,575121,57540101,SR-20,SR-285,10000,Okaloosa
2023,575121,57540101,SR-20,SR-285,8400,Okaloosa
2019,575122,57610103,GARNIERS POST RD,SR-189,4800,Okaloosa
2020,575122,57610103,GARNIERS POST RD,SR-189,4000,Okaloosa
2021,575122,57610103,GARNIERS POST RD,SR-189,4100,Okaloosa
2022,575122,57610103,GARNIERS POST RD,SR-189,4800,Okaloosa
2023,575122,57610103,GARNIERS POST RD,SR-189,4300,Okaloosa
2019,575124,57610013,SR-189/BEAL PKWY,MAYFLOWER AVE,9400,Okaloosa
2020,575124,57610013,SR-189/BEAL PKWY,MAYFLOWER AVE,8100,Okaloosa
2021,575124,57610013,SR-189/BEAL PKWY,MAYFLOWER AVE,8800,Okaloosa
2022,575124,57610013,SR-189/BEAL PKWY,MAYFLOWER AVE,8800,Okaloosa
2023,575124,57610013,SR-189/BEAL PKWY,MAYFLOWER AVE,8300,Okaloosa
2019,575125,57610013,MAYFLOWER AVE,SR-188/RACETRACK RD,3300,Okaloosa
2020,575125,57610013,MAYFLOWER AVE,SR-188/RACETRACK RD,2800,Okaloosa
2021,575125,57610013,MAYFLOWER AVE,SR-188/RACETRACK RD,3600,Okaloosa
2022,575125,57610013,MAYFLOWER AVE,SR-188/RACETRACK RD,3400,Okaloosa
2023,575125,57610013,MAYFLOWER AVE,SR-188/RACETRACK RD,3300,Okaloosa
2019,575126,57003000,DENTON BLVD,MOONEY RD,28000,Okaloosa
2020,575126,57003000,DENTON BLVD,MOONEY RD,27500,Okaloosa
2021,575126,57003000,DENTON BLVD,MOONEY RD,27500,Okaloosa
2022,575126,57003000,DENTON BLVD,MOONEY RD,28000,Okaloosa
2023,575126,57003000,DENTON BLVD,MOONEY RD,27000,Okaloosa
2019,575128,57040001,US-98/SR-30,CHESTNUT AVE SE,23000,Okaloosa
2020,575128,57040001,US-98/SR-30,CHESTNUT AVE SE,24000,Okaloosa
2021,575128,57040001,US-98/SR-30,CHESTNUT AVE SE,23500,Okaloosa
2022,575128,57040001,US-98/SR-30,CHESTNUT AVE SE,24000,Okaloosa
2023,575128,57040001,US-98/SR-30,CHESTNUT AVE SE,21500,Okaloosa
2019,575129,57000110,MILITARY BDRY ENT,US-98/SR-30,15100,Okaloosa
2020,575129,57000110,MILITARY BDRY ENT,US-98/SR-30,12200,Okaloosa
2021,575129,57000110,MILITARY BDRY ENT,US-98/SR-30,15000,Okaloosa
2022,575129,57000110,MILITARY BDRY ENT,US-98/SR-30,14200,Okaloosa
2023,575129,57000110,MILITARY BDRY ENT,US-98/SR-30,16000,Okaloosa
2019,575130,57030000,GULF SHORE DR,,52500,Okaloosa
2020,575130,57030000,GULF SHORE DR,,43000,Okaloosa
2021,575130,57030000,GULF SHORE DR,,53500,Okaloosa
2022,575130,57030000,GULF SHORE DR,,53500,Okaloosa
2023,575130,57030000,GULF SHORE DR,,55000,Okaloosa
2019,575131,57508000,US-98/SR-30,DESTIN AIRPORT,8200,Okaloosa
2020,575131,57508000,US-98/SR-30,DESTIN AIRPORT,8000,Okaloosa
2021,575131,57508000,US-98/SR-30,DESTIN AIRPORT,8800,Okaloosa
2022,575131,57508000,US-98/SR-30,AIRPORT,8800,Okaloosa
2023,575131,57508000,US-98/SR-30,AIRPORT,8200,Okaloosa
2019,575132,57030000,MAIN ST,GULF SHORE DR,51500,Okaloosa
2020,575132,57030000,MAIN ST,GULF SHORE DR,43500,Okaloosa
2021,575132,57030000,MAIN ST,GULF SHORE DR,51000,Okaloosa
2022,575132,57030000,CR-30D/MAIN ST,GULF SHORE DR,49000,Okaloosa
2023,575132,57030000,CR-30D/MAIN ST,GULF SHORE DR,48500,Okaloosa
2019,575133,57600001,US98/SR30/ US HWY 98,KELLY ST,10300,Okaloosa
2020,575133,57600001,US98/SR30/ US HWY 98,KELLY ST,11100,Okaloosa
2021,575133,57600001,US98/SR30/ US HWY 98,KELLY ST,8800,Okaloosa
2022,575133,57600001,US98/SR30/US HWY 98,KELLY ST,8300,Okaloosa
2023,575133,57600001,US98/SR30/US HWY 98,KELLY ST,7300,Okaloosa
2019,575135,57502000,US-98/SR-30,CALHOUN AVE,3900,Okaloosa
2020,575135,57502000,US-98/SR-30,CALHOUN AVE,3800,Okaloosa
2021,575135,57502000,US-98/SR-30,CALHOUN AVE,3300,Okaloosa
2022,575135,57502000,US-98/SR-30,CALHOUN AVE,3200,Okaloosa
2023,575135,57502000,US-98/SR-30,CALHOUN AVE,3200,Okaloosa
2019,575136,57030000,STAHLMAN AVE,MAIN ST,43000,Okaloosa
2020,575136,57030000,STAHLMAN AVE,MAIN ST,35500,Okaloosa
2021,575136,57030000,STAHLMAN AVE,MAIN ST,45000,Okaloosa
2022,575136,57030000,STAHLMAN AVE,CR-30D/MAIN ST,39000,Okaloosa
2023,575136,57030000,STAHLMAN AVE,CR-30D/MAIN ST,48500,Okaloosa
2019,575137,57040001,CHESTNUT AVE SE,SR-85/EGLIN PKWY SE,21800,Okaloosa
2020,575137,57040001,CHESTNUT AVE SE,SR-85/EGLIN PKWY SE,19000,Okaloosa
2021,575137,57040001,CHESTNUT AVE SE,SR-85/EGLIN PKWY SE,18800,Okaloosa
2022,575137,57040001,CHESTNUT AVE SE,SR-85/EGLIN PKWY SE,21900,Okaloosa
2023,575137,57040001,CHESTNUT AVE SE,SR-85/EGLIN PKWY SE,18300,Okaloosa
2019,575138,57110000,HOLLYWOOD BLVD,YACHT CLUB DR,21500,Okaloosa
2020,575138,57110000,HOLLYWOOD BLVD,YACHT CLUB DR,19800,Okaloosa
2021,575138,57110000,HOLLYWOOD BLVD,YACHT CLUB DR,21000,Okaloosa
2022,575138,57110000,HOLLYWOOD BLVD,YACHT CLUB DR,21000,Okaloosa
2023,575138,57110000,HOLLYWOOD BLVD,YACHT CLUB DR,21000,Okaloosa
2019,575139,57000111,DOOLITTLE BLVD,SR-393,7100,Okaloosa
2020,575139,57000111,DOOLITTLE BLVD,SR-393,6000,Okaloosa
2021,575139,57000111,DOOLITTLE BLVD,SR-393,6900,Okaloosa
2022,575139,57000111,DOOLITTLE BLVD,SR-393,7500,Okaloosa
2023,575139,57000111,DOOLITTLE BLVD,SR-393,6900,Okaloosa
2019,575140,57610014,MLK BLVD,SR-189/BEAL PKWY,11000,Okaloosa
2020,575140,57610014,MLK BLVD,SR-189/BEAL PKWY,10300,Okaloosa
2021,575140,57610014,MLK BLVD,SR-189/BEAL PKWY,11400,Okaloosa
2022,575140,57610014,MLK BLVD,SR-189/BEAL PKWY,11900,Okaloosa
2023,575140,57610014,MLK BLVD,SR-189/BEAL PKWY,11500,Okaloosa
2019,575141,57000112,FREEDOM WAY,HURLBURT RD,31000,Okaloosa
2020,575141,57000112,FREEDOM WAY,HURLBURT RD,27500,Okaloosa
2021,575141,57000112,FREEDOM WAY,HURLBURT RD,32000,Okaloosa
2022,575141,57000112,FREEDOM WAY,HURLBURT RD,32000,Okaloosa
2023,575141,57000112,FREEDOM WAY,HURLBURT RD,31000,Okaloosa
2019,575143,57030030,KELLY PLANTATION,HUTCHINSON ST,60000,Okaloosa
2020,575143,57030030,KELLY PLANTATION,HUTCHINSON ST,59000,Okaloosa
2021,575143,57030030,KELLY PLANTATION,HUTCHINSON ST,56000,Okaloosa
2022,575143,57030030,KELLY PLANTATION,HUTCHINSON ST,58000,Okaloosa
2023,575143,57030030,KELLY PLANTATION,HUTCHINSON ST,60000,Okaloosa
2019,575144,57000014,JONQUIL AVE NW,SR-189/BEAL PKWY NW,3300,Okaloosa
2020,575144,57000014,JONQUIL AVE NW,SR-189/BEAL PKWY NW,2800,Okaloosa
2021,575144,57000014,JONQUIL AVE NW,SR-189/BEAL PKWY NW,2800,Okaloosa
2022,575144,57000014,JONQUIL AVE NW,SR-189/BEAL PKWY NW,2800,Okaloosa
2023,575144,57000014,JONQUIL AVE NW,SR-189/BEAL PKWY NW,2800,Okaloosa
2019,575145,57000019,FLORIDA BLANCA PL SE,BAY DR NE,1900,Okaloosa
2020,575145,57000019,FLORIDA BLANCA PL SE,BAY DR NE,1500,Okaloosa
2021,575145,57000019,FLORIDA BLANCA PL SE,BAY DR NE,1600,Okaloosa
2022,575145,57000019,FLORIDA BLANCA PL SE,BAY DR NE,1500,Okaloosa
2023,575145,57000019,FLORIDA BLANCA PL SE,BAY DR NE,900,Okaloosa
2019,575146,57000020,SR-85/EGLIN PKWY,FERRY RD NE,5300,Okaloosa
2020,575146,57000020,SR-85/EGLIN PKWY,FERRY RD NE,4700,Okaloosa
2021,575146,57000020,SR-85/EGLIN PKWY,FERRY RD NE,5500,Okaloosa
2022,575146,57000020,SR-85/EGLIN PKWY,FERRY RD NE,5200,Okaloosa
2023,575146,57000020,SR-85/EGLIN PKWY,FERRY RD NE,4900,Okaloosa
2019,575147,57000035,CROSS ST,BENNING DR,800,Okaloosa
2020,575147,57000035,CROSS ST,BENNING DR,600,Okaloosa
2021,575147,57000035,CROSS ST,BENNING DR,700,Okaloosa
2022,575147,57000035,CROSS ST,BENNING DR,800,Okaloosa
2023,575147,57000035,CROSS ST,BENNING DR,750,Okaloosa
2019,575148,57000038,FIRST ST SE,SR-145/PERRY AVE SE,350,Okaloosa
2020,575148,57000038,FIRST ST SE,SR-145/PERRY AVE SE,350,Okaloosa
2021,575148,57000038,FIRST ST SE,SR-145/PERRY AVE SE,350,Okaloosa
2022,575148,57000038,FIRST ST SE,SR-145/PERRY AVE SE,400,Okaloosa
2023,575148,57000038,FIRST ST SE,SR-145/PERRY AVE SE,350,Okaloosa
2019,575149,57000350,HOLLYWOOD BLVD NW,HOLMES BLVD NW,2000,Okaloosa
2020,575149,57000350,HOLLYWOOD BLVD NW,HOLMES BLVD NW,2000,Okaloosa
2021,575149,57000350,HOLLYWOOD BLVD NW,HOLMES BLVD NW,2700,Okaloosa
2022,575149,57000350,HOLLYWOOD BLVD NW,HOLMES BLVD NW,2300,Okaloosa
2023,575149,57000350,HOLLYWOOD BLVD NW,HOLMES BLVD NW,2100,Okaloosa
2019,575150,57600000,FIRST ST,MAIN ST,8500,Okaloosa
2020,575150,57600000,FIRST ST,MAIN ST,6500,Okaloosa
2021,575150,57600000,FIRST ST,MAIN ST,9000,Okaloosa
2022,575150,57600000,FIRST ST,MAIN ST,8900,Okaloosa
2023,575150,57600000,FIRST ST,MAIN ST,8000,Okaloosa
2019,575151,57600000,MAIN ST,INDIAN TR,6200,Okaloosa
2020,575151,57600000,MAIN ST,INDIAN TR,6000,Okaloosa
2021,575151,57600000,MAIN ST,INDIAN TR,5800,Okaloosa
2022,575151,57600000,MAIN ST,INDIAN TR,6200,Okaloosa
2023,575151,57600000,MAIN ST,INDIAN TR,5800,Okaloosa
2019,575153,57610500,LANG RD,MAYFLOWER AVE,2300,Okaloosa
2020,575153,57610500,LANG RD,MAYFLOWER AVE,2000,Okaloosa
2021,575153,57610500,LANG RD,MAYFLOWER AVE,2000,Okaloosa
2022,575153,57610500,LANG RD,MAYFLOWER AVE,2200,Okaloosa
2023,575153,57610500,LANG RD,MAYFLOWER AVE,2200,Okaloosa
2019,575154,57000113,US-98/SR-30,BENNING DR,4000,Okaloosa
2020,575154,57000113,US-98/SR-30,BENNING DR,4000,Okaloosa
2021,575154,57000113,US-98/SR-30,BENNING DR,3400,Okaloosa
2022,575154,57000113,US-98/SR-30,CR-30B/BENNING DR,3600,Okaloosa
2023,575154,57000113,US-98/SR-30,CR-30B/BENNING DR,3600,Okaloosa
2019,575164,57000036,BENNING DR,FIRST ST,550,Okaloosa
2020,575164,57000036,BENNING DR,FIRST ST,500,Okaloosa
2021,575164,57000036,BENNING DR,FIRST ST,550,Okaloosa
2022,575164,57000036,BENNING DR,FIRST ST,550,Okaloosa
2023,575164,57000036,BENNING DR,FIRST ST,450,Okaloosa
2019,575165,57000019,BAY DR NE,FERRY RD NE,4000,Okaloosa
2020,575165,57000019,BAY DR NE,FERRY RD NE,3800,Okaloosa
2021,575165,57000019,BAY DR NE,FERRY RD NE,4200,Okaloosa
2022,575165,57000019,BAY DR NE,FERRY RD NE,4000,Okaloosa
2023,575165,57000019,BAY DR NE,FERRY RD NE,3900,Okaloosa
2019,575167,57000038,CHESTNUT AVE SE,YACHT CLUB DR NE,1400,Okaloosa
2020,575167,57000038,CHESTNUT AVE SE,YACHT CLUB DR NE,1200,Okaloosa
2021,575167,57000038,CHESTNUT AVE SE,YACHT CLUB DR NE,1500,Okaloosa
2022,575167,57000038,CHESTNUT AVE SE,YACHT CLUB DR NE,1600,Okaloosa
2023,575167,57000038,CHESTNUT AVE SE,YACHT CLUB DR NE,1500,Okaloosa
2019,575168,57000111,HILL AVE NW,DOOLITTLE BLVD,19500,Okaloosa
2020,575168,57000111,HILL AVE NW,DOOLITTLE BLVD,16900,Okaloosa
2021,575168,57000111,HILL AVE NW,DOOLITTLE BLVD,19200,Okaloosa
2022,575168,57000111,HILL AVE NW,DOOLITTLE BLVD,19400,Okaloosa
2023,575168,57000111,HILL AVE NW,DOOLITTLE BLVD,18500,Okaloosa
2019,575169,57030030,0.096 E OF AIRPORT R,KELLY PLANTATION,56000,Okaloosa
2020,575169,57030030,0.096 E OF AIRPORT R,KELLY PLANTATION,55000,Okaloosa
2021,575169,57030030,0.096 E OF AIRPORT R,KELLY PLANTATION,55000,Okaloosa
2022,575169,57030030,0.096 E OF AIRPORT R,KELLY PLANTATION,47000,Okaloosa
2023,575169,57030030,0.096 E OF AIRPORT R,KELLY PLANTATION,46500,Okaloosa
2019,575901,57000031,BUCK WARD RD,VINSON RAY RD,700,Okaloosa
2020,575901,57000031,BUCK WARD RD,VINSON RAY RD,650,Okaloosa
2021,575901,57000031,BUCK WARD RD,VINSON RAY RD,700,Okaloosa
2022,575901,57000031,BUCK WARD RD,VINSON RAY RD,700,Okaloosa
2023,575901,57000031,BUCK WARD RD,VINSON RAY RD,750,Okaloosa
2019,575902,57000061,OLD RIVER RD,CR-2/HWY 2,100,Okaloosa
2020,575902,57000061,OLD RIVER RD,CR-2/HWY 2,150,Okaloosa
2021,575902,57000061,OLD RIVER RD,CR-2/HWY 2,100,Okaloosa
2022,575902,57000061,OLD RIVER RD,CR-2/HWY 2,100,Okaloosa
2023,575902,57000061,OLD RIVER RD,CR-2/HWY 2,100,Okaloosa
2019,575903,57000117,US-98/SR-30,COMMONS DR W RAB,6500,Okaloosa
2020,575903,57000117,US-98/SR-30,COMMONS DR W RAB,6400,Okaloosa
2021,575903,57000117,US-98/SR-30,COMMONS DR W RAB,4700,Okaloosa
2022,575903,57000117,US-98/SR-30,COMMONS DR W RAB,6400,Okaloosa
2023,575903,57000117,US-98/SR-30,COMMONS DR W RAB,5700,Okaloosa
2019,577701,57050101,SR-85,77TH SPECIAL FORCES,1900,Okaloosa
2020,577701,57050101,SR-85,77TH SPECIAL FORCES,1400,Okaloosa
2021,577701,57050101,SR-85,77TH SPECIAL FORCES,1900,Okaloosa
2022,577701,57050101,SR-85,77TH SPECIAL FORCES,2300,Okaloosa
2023,577701,57050101,SR-85,77TH SPECIAL FORCES,1500,Okaloosa
2019,577702,57050102,77TH SPECIAL FORCES,SR-85,1500,Okaloosa
2020,577702,57050102,77TH SPECIAL FORCES,SR-85,1300,Okaloosa
2021,577702,57050102,77TH SPECIAL FORCES,SR-85,1600,Okaloosa
2022,577702,57050102,77TH SPECIAL FORCES,SR-85,1400,Okaloosa
2023,577702,57050102,77TH SPECIAL FORCES,SR-85,1400,Okaloosa
2019,577703,57050104,SR-85,SR-210,1600,Okaloosa
2020,577703,57050104,SR-85,SR-210,1400,Okaloosa
2021,577703,57050104,SR-85,SR-210,1700,Okaloosa
2022,577703,57050104,SR-85,SR-210,1800,Okaloosa
2023,577703,57050104,SR-85,SR-210,1400,Okaloosa
2019,577704,57050103,SR-210/MCWHORTER AVE,SR-85,1800,Okaloosa
2020,577704,57050103,SR-210/MCWHORTER AVE,SR-85,1500,Okaloosa
2021,577704,57050103,SR-210/MCWHORTER AVE,SR-85,1600,Okaloosa
2022,577704,57050103,SR-210/MCWHORTER AVE,SR-85,1700,Okaloosa
2023,577704,57050103,SR-210/MCWHORTER AVE,SR-85,1400,Okaloosa
2019,577705,57030111,US-98/SR-30,CODY AVE,5200,Okaloosa
2020,577705,57030111,US-98/SR-30,CODY AVE,4300,Okaloosa
2021,577705,57030111,US-98/SR-30,CODY AVE,4600,Okaloosa
2022,577705,57030111,US-98/SR-30,CODY AVE,4700,Okaloosa
2023,577705,57030111,US-98/SR-30,CODY AVE,4900,Okaloosa
2019,577706,57030112,CODY AVE,US-98/SR-30,5100,Okaloosa
2020,577706,57030112,CODY AVE,US-98/SR-30,4100,Okaloosa
2021,577706,57030112,CODY AVE,US-98/SR-30,5300,Okaloosa
2022,577706,57030112,CODY AVE,US-98/SR-30,5600,Okaloosa
2023,577706,57030112,CODY AVE,US-98/SR-30,5000,Okaloosa
2019,577707,57030113,US-98/SR-30,CODY AVE,2100,Okaloosa
2020,577707,57030113,US-98/SR-30,CODY AVE,1900,Okaloosa
2021,577707,57030113,US-98/SR-30,CODY AVE,2000,Okaloosa
2022,577707,57030113,US-98/SR-30,CODY AVE,2500,Okaloosa
2023,577707,57030113,US-98/SR-30,CODY AVE,1900,Okaloosa
2019,577708,57030114,CODY AVE,US-98/SR-30,2100,Okaloosa
2020,577708,57030114,CODY AVE,US-98/SR-30,1600,Okaloosa
2021,577708,57030114,CODY AVE,US-98/SR-30,2200,Okaloosa
2022,577708,57030114,CODY AVE,US-98/SR-30,2100,Okaloosa
2023,577708,57030114,CODY AVE,US-98/SR-30,2000,Okaloosa
2019,577709,57150111,SR-123 NB,SR-85 SB,450,Okaloosa
2020,577709,57150111,SR-123 NB,SR-85 SB,250,Okaloosa
2021,577709,57150111,SR-123 NB,SR-85 SB,550,Okaloosa
2022,577709,57150111,SR-123 NB,SR-85 SB,450,Okaloosa
2023,577709,57150111,SR-123 NB,SR-85 SB,650,Okaloosa
2019,577710,57040114,SR-85 SB FRONTAGE RD,SR-85,1500,Okaloosa
2020,577710,57040114,SR-85 SB FRONTAGE RD,SR-85,1000,Okaloosa
2021,577710,57040114,SR-85 SB FRONTAGE RD,SR-85,1700,Okaloosa
2022,577710,57040114,SR-85 SB FRONTAGE RD,SR-85,1800,Okaloosa
2023,577710,57040114,SR-85 SB FRONTAGE RD,SR-85,1600,Okaloosa
2019,577711,57050017,SR-20/JOHN SIMS PKWY,SR-85/N HWY 85,4400,Okaloosa
2020,577711,57050017,SR-20/JOHN SIMS PKWY,SR-85/N HWY 85,3900,Okaloosa
2021,577711,57050017,SR-20/JOHN SIMS PKWY,SR-85/N HWY 85,3900,Okaloosa
2022,577711,57050017,SR-20/JOHN SIMS PKWY,SR-85/N HWY 85,4000,Okaloosa
2023,577711,57050017,SR-20/JOHN SIMS PKWY,SR-85/N HWY 85,3600,Okaloosa
2019,577712,57150101,SR-123 SB,SR-85 WB FRONTAGE RD,700,Okaloosa
2020,577712,57150101,SR-123 SB,SR-85 WB FRONTAGE RD,400,Okaloosa
2021,577712,57150101,SR-123 SB,SR-85 WB FRONTAGE RD,650,Okaloosa
2022,577712,57150101,SR-123 SB,SR-85 WB FRONTAGE RD,650,Okaloosa
2023,577712,57150101,SR-123 SB,SR-85 WB FRONTAGE RD,650,Okaloosa
2019,577713,57160115,SR-293 SB,SR-20 WB,850,Okaloosa
2020,577713,57160115,SR-293 SB,SR-20 WB,750,Okaloosa
2021,577713,57160115,SR-293 SB,SR-20 WB,900,Okaloosa
2022,577713,57160115,GORE AT SR-293 SB,GORE AT SR-20 WB,900,Okaloosa
2023,577713,57160115,GORE AT SR-293 SB,GORE AT SR-20 WB,900,Okaloosa
2019,577714,57160116,SR-20 WB,SR-293 NB,750,Okaloosa
2020,577714,57160116,SR-20 WB,SR-293 NB,700,Okaloosa
2021,577714,57160116,SR-20 WB,SR-293 NB,750,Okaloosa
2022,577714,57160116,GORE AT SR-20 WB,GORE AT SR-293 NB,700,Okaloosa
2023,577714,57160116,GORE AT SR-20 WB,GORE AT SR-293 NB,800,Okaloosa
2019,577715,57160117,SR-293 NB,SR-20 EB,4900,Okaloosa
2020,577715,57160117,SR-293 NB,SR-20 EB,5100,Okaloosa
2021,577715,57160117,SR-293 NB,SR-20 EB,6000,Okaloosa
2022,577715,57160117,GORE AT SR-293 NB,GORE AT SR-20 EB,6300,Okaloosa
2023,577715,57160117,GORE AT SR-293 NB,GORE AT SR-20 EB,6300,Okaloosa
2019,577716,57160118,SR-20 EB,SR-293 SB,5400,Okaloosa
2020,577716,57160118,SR-20 EB,SR-293 SB,5300,Okaloosa
2021,577716,57160118,SR-20 EB,SR-293 SB,6500,Okaloosa
2022,577716,57160118,GORE AT SR-20 EB,GORE AT SR-293 SB,6400,Okaloosa
2023,577716,57160118,GORE AT SR-20 EB,GORE AT SR-293 SB,6300,Okaloosa
2019,577717,57160129,N END OF SR-293,SR-85,750,Okaloosa
2020,577717,57160129,N END OF SR-293,SR-85,650,Okaloosa
2021,577717,57160129,N END OF SR-293,SR-85,1200,Okaloosa
2022,577717,57160129,N END OF SR-293,GORE AT SR-85 SB,850,Okaloosa
2023,577717,57160129,N END OF SR-293,GORE AT SR-85 SB,1000,Okaloosa
2019,577718,57160130,SR-85,SR-293 SB,3400,Okaloosa
2020,577718,57160130,SR-85,SR-293 SB,3100,Okaloosa
2021,577718,57160130,SR-85,SR-293 SB,4500,Okaloosa
2022,577718,57160130,GORE AT SR-85 SB,SR-293 SB,4300,Okaloosa
2023,577718,57160130,GORE AT SR-85 SB,SR-293 SB,4500,Okaloosa
2019,577719,57160131,SR-293,SR-85,3200,Okaloosa
2020,577719,57160131,SR-293,SR-85,3100,Okaloosa
2021,577719,57160131,SR-293,SR-85,6100,Okaloosa
2022,577719,57160131,GORE AT SR-293 NB,GORE AT SR-85 NB,4000,Okaloosa
2023,577719,57160131,GORE AT SR-293 NB,GORE AT SR-85 NB,4600,Okaloosa
2019,577720,57160132,SR-85,SR-293,900,Okaloosa
2020,577720,57160132,SR-85,SR-293,900,Okaloosa
2021,577720,57160132,SR-85,SR-293,1000,Okaloosa
2022,577720,57160132,GORE AT SR-85 NB,GORE AT SR-293 SB,1000,Okaloosa
2023,577720,57160132,GORE AT SR-85 NB,GORE AT SR-293 SB,1000,Okaloosa
2020,577721,57040100,SR-85,SR-85,100,Okaloosa
2021,577721,57040100,SR-85,SR-85,150,Okaloosa
2022,577721,57040100,SR-85,SR-85,200,Okaloosa
2023,577721,57040100,SR-85,SR-85,150,Okaloosa
2020,577722,57040200,SR-85,,400,Okaloosa
2020,577722,57040200,,,850,Okaloosa
2020,577722,57040200,,SR-123,400,Okaloosa
2021,577722,57040200,,SR-123,750,Okaloosa
2021,577722,57040200,,,1450,Okaloosa
2021,577722,57040200,SR-85,,750,Okaloosa
2022,577722,57040200,,,1400,Okaloosa
2022,577722,57040200,,SR-123,700,Okaloosa
2022,577722,57040200,SR-85,,700,Okaloosa
2023,577722,57040200,,SR-123,750,Okaloosa
2023,577722,57040200,,,1500,Okaloosa
2023,577722,57040200,SR-85,,750,Okaloosa
2022,577723,57160111,GORE AT SR-293 SB,N LAKESHORE DR,250,Okaloosa
2023,577723,57160111,GORE AT SR-293 SB,N LAKESHORE DR,250,Okaloosa
2022,577724,57160112,N LAKESHORE DR,GORE AT SR-293 NB,250,Okaloosa
2023,577724,57160112,N LAKESHORE DR,GORE AT SR-293 NB,250,Okaloosa
2022,577725,57160113,GORE AT SR-293 NB,N LAKESHORE DR,1300,Okaloosa
2023,577725,57160113,GORE AT SR-293 NB,N LAKESHORE DR,1300,Okaloosa
2022,577726,57160114,N LAKESHORE DR,GORE AT SR-293 SB,1400,Okaloosa
2023,577726,57160114,N LAKESHORE DR,GORE AT SR-293 SB,1200,Okaloosa
2022,577727,57160121,GORE AT SR-293 SB,RANGE RD,400,Okaloosa
2023,577727,57160121,GORE AT SR-293 SB,RANGE RD,450,Okaloosa
2022,577728,57160122,RANGE RD,GORE AT SR-293 NB,350,Okaloosa
2023,577728,57160122,RANGE RD,GORE AT SR-293 NB,400,Okaloosa
2022,577729,57160123,GORE AT SR-293 NB,RANGE RD,550,Okaloosa
2023,577729,57160123,GORE AT SR-293 NB,RANGE RD,550,Okaloosa
2022,577730,57160124,RANGE RD,GORE AT SR-293 SB,500,Okaloosa
2023,577730,57160124,RANGE RD,GORE AT SR-293 SB,500,Okaloosa
2022,577731,57160125,GORE AT SR-293 SB,SR-285,750,Okaloosa
2023,577731,57160125,GORE AT SR-293 SB,SR-285,850,Okaloosa
2022,577732,57160126,SR-285,GORE AT SR-293 NB,500,Okaloosa
2023,577732,57160126,SR-285,GORE AT SR-293 NB,550,Okaloosa
2022,577733,57160127,GORE AT SR-293 NB,SR-285,1800,Okaloosa
2023,577733,57160127,GORE AT SR-293 NB,SR-285,2200,Okaloosa
2022,577734,57160128,SR-285,GORE AT SR-293 SB,1800,Okaloosa
2023,577734,57160128,SR-285,GORE AT SR-293 SB,2200,Okaloosa
2019,582007,57002000,SANTA ROSA CO LINE,57002002 EB OFF,31500,Okaloosa
2020,582007,57002000,SANTA ROSA CO LINE,57002002 EB OFF,30500,Okaloosa
2021,582007,57002000,SANTA ROSA CO LINE,57002002 EB OFF,31500,Okaloosa
2022,582007,57002000,SANTA ROSA CO LINE,57002002 EB OFF,32500,Okaloosa
2023,582007,57002000,SANTA ROSA CO LINE,57002002 EB OFF,37000,Okaloosa
2019,600168,57030030,HUTCHINSON ST,WALTON CO LINE,52000,Okaloosa
2020,600168,57030030,HUTCHINSON ST,WALTON CO LINE,52000,Okaloosa
2021,600168,57030030,HUTCHINSON ST,WALTON CO LINE,50500,Okaloosa
2022,600168,57030030,HUTCHINSON ST,WALTON CO LINE,51000,Okaloosa
2023,600168,57030030,HUTCHINSON ST,WALTON CO LINE,53000,Okaloosa
2019,600251,57090000,57160127 NB OFF,WALTON CO LINE,7300,Okaloosa
2020,600251,57090000,57160127 NB OFF,WALTON CO LINE,6800,Okaloosa
2021,600251,57090000,57160127 NB OFF,WALTON CO LINE,8000,Okaloosa
2022,600251,57090000,57160127 NB OFF,WALTON CO LINE,8800,Okaloosa
2023,600251,57090000,57160127 NB OFF,WALTON CO LINE,9300,Okaloosa
